supplier,spend,cum_pct,tail
3b industries,40888832.7,0.08040563068276503,False
prison industry authority,39988372.22,0.15904055557574837,False
motorola solutions,26619404.349999998,0.21138614369426875,False
pia,22715267.32,0.25605446201953613,False
western blue an nwn,18062947.2,0.2915742498369439,False
pinnacle petroleum,12045379.23,0.31526082266985406,False
mcginty sales,9818108.48,0.3345675906140072,False
unknown,9699230.34,0.35364059126303554,False
grainger industrial supply,9516163.37,0.3723536008287275,False
cisco systems,9053259.07,0.3901563346606916,False
san joaquin distributors,7105296.4,0.40412850751340257,False
food service systems,6735299.2700000005,0.41737310144972,False
secure detention products,6545292.99,0.43024405853293435,False
abc ventures,6379917.35,0.44278981355593516,False
christian bartels enterprises dba cb enterprises,6379108.7,0.4553339784133832,False
cirrus environmental,6295038.71,0.46771282427977473,False
mckesson medical surgical minnesota su,5976750.53,0.4794657740233902,False
adolph,5843888.42,0.4909574577673922,False
american textile systems,5362630.26,0.5015027739258987,False
pereira sales,4757453.51,0.5108580434373093,False
relay application innovation,4700000.0,0.5201003337952094,False
seafood dimensions intn l,4481815.62,0.5289135766229991,False
kd foods,4464253.4,0.5376922843153484,False
us foodservice,4213414.21,0.5459777305976722,False
seacat enterprises,3982072.56,0.5538082563052777,False
compucom systems,3592065.34,0.5608718543599222,False
ctb mcgraw hill,3479126.21,0.5677133638545179,False
wondries fleet group,3455936.43,0.5745092719278166,False
kvichak marine industries,3443455.87,0.581280637669339,False
safariland,3401581.5,0.5879696597755222,False
hdr distributing,3267477.2,0.5943949731840792,False
cellblock supply,3263005.03,0.6008114923173873,False
ferrellgas,3047250.24,0.6068037415751023,False
western blue,3002537.37,0.6127080654440353,False
downtown ford sales,2912218.75,0.6184347827362099,False
winner chevrolet,2784870.5,0.6239110767298589,False
tagg industries,2768476.64,0.6293551331034638,False
open door counseling,2720670.0,0.634705180360491,False
superior produce,2640325.61,0.6398972348130484,False
elk grove auto group,2516458.4,0.644845711239937,False
airco systems,2451473.0,0.6496663974677139,False
motor coach industries,2426967.5,0.6544388949834984,False
us control group,2422849.42,0.6592032945224578,False
ablegov,2266346.57,0.6636599398525793,False
creative bus sales,2229917.04,0.6680449485244323,False
enterprise networking solutions,2226355.41,0.6724229534476454,False
taborda solutions,2156878.0100000002,0.6766643349018985,False
falcon fuels,2152700.91,0.6808975023197571,False
forderer cornice works,2129137.06,0.6850843327283285,False
succor international,2033975.06,0.6890840323209343,False
technology integration group,1994631.9,0.6930063657628341,False
new readers press,1979143.28,0.6968982416891419,False
mcgraw hill school education,1911139.8599999999,0.7006563926467326,False
earthgrains baking,1902557.41,0.7043976666905187,False
unident unimed usa,1862412.48,0.7080599979471861,False
statestore,1832564.53,0.7116636348590687,False
smile business products,1818210.94,0.7152390462291517,False
elite supply source,1818145.07,0.7188143280695186,False
intersect usa,1758850.52,0.7222730104529193,False
touch legal dba touch sonic technologies,1744839.0,0.7257041399562784,False
silver foods express distribution,1663531.21,0.7289753821822887,False
kovarus technology solutions,1619140.96,0.7321593334339246,False
mythics,1615615.2000000002,0.7353363514732941,False
advanced technologies consultants,1589893.63,0.7384627894661953,False
california veteran supply,1576104.65,0.741562112191671,False
bay medical,1538177.22,0.7445868527212769,False
all gen electric service,1526131.38,0.7475879057719711,False
blue eagle enterprises,1465043.48,0.7504688328419942,False
midtown stationers,1414886.97,0.7532511299058984,False
cobalt industrial supply,1401227.14,0.7560065656687174,False
fastenal,1390488.09,0.7587408836829688,False
msc industrial supply,1371438.57,0.7614377418684929,False
elements food group,1354738.76,0.7641017608001995,False
lc action police supply,1353788.53,0.7667639111571046,False
ferrellgas l p,1350923.95,0.7694204284756879,False
french fry xpress,1347622.18,0.7720704530459658,False
aaa wholesale,1340970.55,0.7747073975533048,False
brooks,1283971.31,0.7772322562039926,False
pro pacific fresh,1226751.05,0.7796445943744095,False
mcwhirter building,1212406.0,0.7820287237964647,False
folsom lake ford,1158151.5,0.7843061647414514,False
voyager fleet systems,1147118.43,0.786561909763783,False
ram enterprises,1122508.6,0.7887692609149405,False
pearson education,1122257.41,0.7909761181148394,False
e poly star,1115640.33,0.7931699631924657,False
primary source,1100253.02,0.795333549975018,False
gcs supplies,1000461.05,0.7973009013613732,False
en pointe technologies sales,946232.66,0.7991616156145325,False
livermore scientific,920927.4,0.8009725684718401,True
morphotrust usa,920784.0,0.8027832393409695,True
greater sacramento pharmacy,847405.34,0.8044496151288663,True
rhodes consolidated,834432.46,0.8060904804649038,True
hf enterprises,831293.26,0.8077251727375603,True
clipper commodities,786912.93,0.8092725935429743,True
riverview international trucks,783191.49,0.8108126963422119,True
international restaurant equipment,750726.36,0.8122889582567755,True
california department corrections rehabilitation cdcr,749200.0,0.8137622186687199,True
mac s distributing,742360.92,0.8152220304076556,True
factory direct distribution,732986.6,0.8166634080641769,True
aztec software,724054.5,0.8180872212394842,True
david morris enterprises,710000.0,0.8194833970169542,True
torrences farm implements,706261.4,0.8208722210440557,True
tdm supply,706017.83,0.8222605661042076,True
g p group,702863.09,0.8236427075424269,True
golden state provisions,697098.77,0.8250135137638045,True
family builders by adoption,681506.08,0.8263536578216841,True
ncs pearson,673007.49,0.8276770898718163,True
regents university california davis,671570.0,0.8289976951772748,True
fresno produce,663982.29,0.8303033796701862,True
express office products,661899.12,0.8316049677243731,True
morning glory,659188.52,0.8329012255334017,True
logans marketing,655380.1,0.8341899942948888,True
dynamic systems,648808.48,0.8354658403286821,True
delta wireless,648685.77,0.836741445060039,True
j l hackler construction,646783.17,0.8380133084336013,True
system solutions dvbe,643288.11,0.8392782989647514,True
florance distributing,642595.3,0.8405419271233092,True
henry schein,640910.22,0.841802241665136,True
cloverleaf distribution,635196.18,0.8430513198629634,True
5 cities supply,616944.09,0.844264506334106,True
edward isaacson enterprises,607399.2,0.845458923306352,True
nathan cleaver dvbe services,598497.35,0.8466358352823379,True
directgov source,586911.73,0.8477899647766183,True
paul aiello sales,578948.54,0.8489284350976741,True
nbc supply,575450.6,0.8500600269129567,True
c s industrial supply,574483.01,0.8511897160159567,True
jps communications,574121.91,0.8523186950357551,True
hunt sons,567653.85,0.8534349549728785,True
alpha wholesale produce,552455.42,0.8545213280370137,True
supply station,549798.62,0.8556024766507186,True
trico welding supplies,542384.89,0.8566690465739351,True
highland wholesale foods,541322.88,0.8577335281131552,True
walgreens specialty pharmacy,539195.88,0.8587938270243772,True
empire safety supply,532842.55,0.8598416324631313,True
gordon industrial supply,527432.22,0.8608787987868232,True
airgas usa,521855.49,0.8619049987790454,True
rockwell medical supply,521266.51,0.8629300405746345,True
arrow vending,515880.28,0.8639444906464802,True
d j international,511328.08,0.864949989068503,True
knoll enterprises,510418.72,0.8659536992843218,True
advanced technologies group,494957.83999999997,0.8669270065337257,True
work boot warehouse,494705.65,0.8678998178654265,True
rising eagle partners,488015.05000000005,0.868859472501836,True
emc,479494.67,0.869802372281667,True
merritt business supplies,475978.12,0.8707383569601878,True
mendoza distributing,473550.89,0.8716695686250009,True
traut line industrial,461475.19,0.8725770340928619,True
toyota material handling northern california,456775.25,0.8734752573883519,True
granite data solutions,445623.47000000003,0.8743515513245296,True
sika sarnafil,443210.5,0.8752231002885019,True
robertson s ready mix,442646.78,0.8760935407282358,True
all business machines,441488.20999999996,0.8769617029040675,True
mro warehouse,430400.75,0.8778080622023139,True
global blue dvbe,427108.16000000003,0.8786479468042179,True
ace uniforms,427006.01,0.8794876305337899,True
ysi,421113.37,0.8803157267123289,True
dow associates,414017.5,0.8811298692545102,True
chickasaw supply,413644.08,0.8819432774868903,True
clark equipment supplies,412489.8,0.8827544158914162,True
hec software dba reading horizons,411567.77,0.8835637411748829,True
western plumbing parts specialties,405532.06,0.8843611975680653,True
mountain materials,404035.0,0.8851557100754598,True
ray i juachon associates,401825.75,0.8859458782147749,True
gartner,400755.0,0.8867339407833664,True
hi tech emergency vehicle service,399010.5,0.8875185728890793,True
planit big,392016.69,0.8882894520537864,True
verizon business services,383111.52,0.8890428196936366,True
north valley distributing,382699.92,0.889795377944825,True
gerlinger steel supply,360083.74,0.890503462727429,True
stay safe supply,356283.81,0.8912040751576075,True
toms house hydraulics,350104.0,0.8918925353328121,True
south valley materials,346806.48,0.8925745111171018,True
semper fuel,346384.0,0.8932556561178104,True
electric parts center,340620.25,0.893925467022551,True
z bus sales,336064.0,0.8945863183133674,True
churchfield trading,336063.6,0.895247168817606,True
valley construction supply,329164.38,0.8958944523868482,True
steelhead metal fab,328003.54000000004,0.8965394532283587,True
veteran logistics,321935.25,0.8971725211128146,True
lalanne,316419.18,0.8977947419503399,True
r j wholesale,313183.49,0.8984105999822294,True
rose shore meat,306255.15,0.8990128338162511,True
mendoza interiors supply,305392.02,0.8996133703528097,True
selway machine tool,304778.5,0.9002127004361811,True
accugov,304706.54,0.9008118890141876,True
precision for collision,301011.48,0.9014038114608305,True
aluma tower,296276.0,0.9019864218476554,True
elsevier,294165.0,0.9025648810695983,True
cole office products,292365.68,0.9031398020281611,True
pc specialist dba tig technology integration group,289606.53,0.9037092972706725,True
patriot it,289127.0,0.9042778495439296,True
napa auto parts,286962.82,0.9048421460767726,True
california surveying drafting,286517.45,0.9054055668141141,True
collier hardware,285304.85,0.9059666030405433,True
michael brown sales,274354.0,0.9065061050254053,True
san diego police equipment,264848.94,0.9070269158348653,True
american chiller service,258883.28999999998,0.9075359955231607,True
moten food group,256687.12,0.9080407565644741,True
contessa state supply,251906.18,0.9085361161513911,True
anchor supply,251409.88999999998,0.9090304998114395,True
office city,248339.55000000002,0.9095188458174928,True
craig brown,248153.0,0.9100068249832766,True
majestic intl spice,246216.75,0.9104909966203997,True
allen packaging,242757.0,0.9109683648502747,True
buona fortuna foods,241324.8,0.9114429167379687,True
journey air conditioning,240478.01,0.9119158034599071,True
miwall,239363.0,0.9123864975762769,True
mckesson technologies,237791.1,0.9128541006381331,True
james e maloney,237770.61,0.9133216634075364,True
morgan nels industrial supply,236185.94,0.9137861100109265,True
dvbe partners,234975.0,0.9142481753677025,True
hibser yamauchi architects,232557.0,0.9147054858610562,True
bentley government,232497.38999999998,0.9151626791346379,True
mid valley pipe steel dba prw steel supply,228050.68,0.9156111281986542,True
marvell foods,225936.32,0.916055419490534,True
smiths detection,223410.0,0.9164947429136954,True
fat cat services,221784.0,0.9169308688976818,True
qsi consulting,220279.73,0.9173640368178138,True
traut line ind,219006.81,0.9177947016110856,True
air filter supply,215934.93999999997,0.9182193257417017,True
fresh foods california,213450.0,0.9186390633750834,True
west coast industrial supply,209855.84,0.9190517332913771,True
kar wing trading,208465.36,0.9194616689055652,True
performance foodservice northern ca,204970.41,0.9198647318936499,True
kustom kitchens,204058.31,0.9202660012874717,True
silverado avionics,203644.86,0.9206664576547088,True
gold country cabinets millwork,202646.0,0.9210649498189358,True
north river boats,202184.25,0.9214625339772963,True
big r metals,201629.96,0.9218590281549923,True
angus hamer,199727.5,0.922251781250196,True
mj industrial supplies,198096.14,0.922641326366081,True
alpha fire sprinkler,197423.0,0.9230295477893422,True
hewlett packard,196610.0,0.9234161704930159,True
m j industrial supplies,195992.08000000002,0.9238015780911455,True
rdm industrial products,193055.66,0.9241812113815616,True
harvest farms,188166.6,0.9245512306055742,True
teraband technologies,186459.27000000002,0.9249178924594598,True
american commodities awob,184737.18,0.9252811679184937,True
ocean marine industries,182105.0,0.9256392673409672,True
amirix systems,181587.24,0.9259963486170033,True
granite electrical supply,178999.52000000002,0.9263483412846129,True
sundance corporate supply,176651.95,0.9266957175855041,True
nalco,176378.49,0.9270425561424122,True
embroidme,176000.0,0.9273886504196442,True
morning glory gold mines,173651.32,0.9277301261474044,True
hd supply construction supply dba hd supply white cap construction supply,172815.48,0.9280699582419788,True
cal best industrial supply,170074.91,0.9284044011570456,True
avenal lumber hardware,168906.73,0.9287365469106761,True
uptodate,168389.0,0.9290676745768626,True
hi line electric,167023.34,0.9293961167481022,True
performance food group,165788.46,0.9297221305960403,True
imtech communications,165637.68,0.9300478479434379,True
j m enterprise,164451.95,0.9303712336182938,True
glacier laboratories,163332.2,0.9306924173666331,True
livingston s concrete service,162172.5,0.9310113206289876,True
nitv federal services,161820.0,0.9313295307195654,True
american textile supply,161674.75,0.9316474551840421,True
california diamond products,161175.35,0.9319643976060074,True
proforce law enforcement,159876.77,0.9322787864421399,True
west coast ambulance truck sales,159740.0,0.932592906327623,True
tulare county training center for handicapped,158036.89,0.9329036771413761,True
kenwood usa,157955.09,0.933214287099948,True
medgate,157222.21000000002,0.9335234558904865,True
houghton mifflin harcourt,156146.59000000003,0.9338305095337154,True
office state printing,154055.25,0.9341334506723662,True
kanaya construction,152987.75,0.9344342926312389,True
ventyx,152913.18,0.9347349879523261,True
omnicell,152557.13999999998,0.935034983140422,True
university enterprises,152000.0,0.935333882743486,True
ferguson enterprises,151329.58000000002,0.935631464002656,True
tracy pont cad gmc,151325.58000000002,0.9359290373960469,True
4d,150000.0,0.9362240041095969,True
jd services chip it recycling,150000.0,0.936518970823147,True
ione pharmacy,149909.92,0.9368137603993533,True
basalite concrete products,146372.37,0.9371015935789094,True
xerox,145511.4,0.9373877337085231,True
california conservation corps,145144.0,0.9376731513663331,True
dlt solutions,144672.47,0.9379576417864469,True
value business products,144107.42,0.9382410210669507,True
coop systems,144000.0,0.9385241891119587,True
wayne bolman distributing,142693.8,0.9388047885868251,True
light speed resources,136788.0,0.9390737746322456,True
bonanza produce,136506.85,0.9393422078117228,True
3m,136072.73,0.939609787318202,True
american innovations,136031.95,0.939877286633064,True
di technology group dba data impressions,135949.0,0.9401446228313334,True
control solutions design,135647.72,0.9404113665791264,True
advanced technical solutions,134985.31,0.940676807734248,True
hub construction specialties,133681.2,0.9409396844290974,True
patterson dental,131730.7,0.9411987255734483,True
vincent communications,131577.3,0.9414574650651736,True
matheson tri gas,130528.25,0.9417141416580265,True
goodyear commercial tire service centers,128980.89,0.9419677754529201,True
morgan slates manufacturing supply,128453.15,0.9422203714762577,True
c c d s dba industrial door,127835.26,0.9424717524530444,True
central valley office supply,126317.34,0.9427201485240055,True
bridge micro,125412.45,0.9429667651787705,True
mckesson,125026.74,0.9432126233561283,True
platinum packaging group,124324.0,0.9434570996340976,True
ocpc,123795.0,0.9437005356627904,True
western contract furnishers,122599.7,0.9439416212000652,True
harris industrial gases,122302.53,0.9441821223689515,True
wood works,121749.1,0.944421535248316,True
chem quip,120582.93,0.9446586549187982,True
mrs nelson s toy book shop,119532.13,0.9448937082491298,True
castle king rock ready mix,118835.0,0.9451273907118278,True
stewart electric supply,117567.89,0.9453585814727099,True
fulton pacific,117200.0,0.9455890487982302,True
pitney bowes,114313.98999999999,0.9458138409445175,True
consolidated electrical dist,113299.98,0.9460366390961568,True
dataskill,113088.51,0.9462590214037232,True
san benito supply,112355.0,0.9464799613043959,True
pacific industrial,111949.38,0.9467001035757463,True
fedex corporate services,111860.0,0.9469200700862643,True
electronic data solutions,111196.92,0.9471387326865929,True
sierra safety,111187.88,0.9473573775102608,True
spaulding,108245.0,0.9475702353229823,True
crescendo systems,107973.18999999999,0.9477825586363544,True
sap government support services,106920.0,0.9479928109097728,True
brenntag pacific,106028.84999999999,0.948201310785946,True
crop production services,105385.2,0.9484085449599514,True
fisher scientific,104570.62,0.9486141773073867,True
global foods,104322.68,0.9488193220945089,True
global fabricators,103940.98999999999,0.9490237163093318,True
info tech research group,101900.0,0.9492240970300702,True
inabind systems,101715.0,0.9494241139585283,True
sysco,101551.8,0.9496238099632023,True
timekeeping systems,101385.0,0.9498231779648908,True
gsa federal government,101000.0,0.9500217888853477,True
central valley golf utility vehicles,100934.98,0.9502202719475666,True
mohawk resources,100874.48,0.9504186360398779,True
resurrection janitorial supplies equip,100557.49,0.9506163767888655,True
ricom,99485.5,0.950812009528738,True
nexsys electronics dba medweb,99366.0,0.951007407278462,True
express pipe supply,99017.12,0.9512021189749392,True
garratt callahan,98595.61,0.951396001795287,True
department general services,97698.1,0.9515881197118009,True
beyondtrust software,97489.56,0.9517798275459252,True
simplex grinnell,97387.59,0.9519713348616775,True
us foods,97288.0,0.9521626463391965,True
food exchange,97194.62,0.9523537741901041,True
signature marketing,97125.17,0.9525447654714234,True
afeco dba fire etc,97039.0,0.9527355873041979,True
v f supplies,96626.0,0.9529255969952878,True
creative custom products,95700.0,0.9531137857585327,True
change companies,95211.0,0.9533010129302915,True
gonzalez enterprizes,95185.05,0.9534881890728087,True
cocoblue,94553.69,0.9536741236807642,True
distec supply,94210.62,0.9538593836605169,True
concrete supply,94088.88,0.9540444042452849,True
folsom ready mix,93425.0,0.9542281193467077,True
parcelquest,92771.0,0.9544105483932593,True
unitis,92410.44,0.9545922684184893,True
sysco central california,92251.0,0.9547736749137674,True
amerigas,91800.0,0.95495419454246,True
grainger,91398.41,0.9551339244666026,True
mckesson medical surgical,90183.17,0.9553112646884189,True
siegesecure,90000.0,0.9554882447165488,True
western group,90000.0,0.9556652247446789,True
accela,89572.0,0.9558413631344528,True
trussbilt,89348.16,0.9560170613552325,True
datamaxx group,88978.21,0.9561920320897742,True
rich readimix concrete,87425.0,0.9563639485226549,True
cannon sports,87251.02,0.9565355228334768,True
stonhard,85840.20999999999,0.956704322864371,True
american electric supply,85557.75,0.9568725674532792,True
micropac technologies,85307.03,0.957040319015158,True
perlmutter purchasing power,84700.0,0.9572068768860758,True
m m associates,84591.93000000001,0.9573732222433088,True
accuvant,84515.16,0.9575394166365779,True
ced consolidated electrical dist,84301.89,0.9577051916461735,True
cengage learning,84235.06,0.9578708352382661,True
lawrence wholesale,84169.81,0.9580363505198384,True
ihs global,83927.98,0.958201390256075,True
digital online technologies dba credential smart,83575.0,0.9583657358766412,True
sierra chemical,83459.27,0.9585298539205558,True
wymore,82862.0,0.9586927974660103,True
burkhart dental supply,82856.08,0.9588557293701119,True
teknimedia,81880.0,0.959016741866815,True
arizona continental flooring,81858.31,0.9591777117113314,True
procurement management solutions,81576.73999999999,0.9593381278639975,True
image sales,81353.0,0.9594981040443138,True
california western visuals,81114.48000000001,0.9596576111882266,True
siemens healthcare diagnostics,81021.22,0.9598169349415013,True
york industries,80616.65,0.9599754631302208,True
century sun solar,80332.0,0.9601334315704401,True
ferguson,80203.32,0.960291146968548,True
strato communications,79952.73,0.9604483695952645,True
st ny dept correctional svcs,79804.98999999999,0.9606053016994324,True
jesse m rivera associates,79300.0,0.9607612407686624,True
aurora systems consulting,78961.91,0.9609165150025847,True
johnstone supply,78472.53,0.9610708268977717,True
western weather group,78163.94,0.9612245319677711,True
hanford toyota,78115.0,0.9613781407999642,True
ife group,77692.68,0.9615309191632075,True
california surveying drafting supply,77530.5,0.9616833786084401,True
us bioservices,77293.16,0.9618353713376742,True
axcelerate networks,77080.0,0.9619869448995436,True
nwn corportation formerly western blue,77022.43,0.9621384052531886,True
refrigeration supplies distributor rsd,76658.06,0.9622891490933574,True
capital datacorp,76534.42,0.9624396498022965,True
conrad supply,76340.0,0.9625897681950458,True
west american supply,76201.78,0.9627396147858008,True
riverside medical supply,76024.94,0.962889113630465,True
custom carpet outlet,75950.0,0.9630384651097592,True
ventura valley foods,75718.01,0.9631873603935341,True
tera lite,75514.0,0.9633358545029143,True
d k foods,75472.84,0.9634842676734281,True
electrojet communications,75392.33,0.9636325225254746,True
graylift,73697.0,0.9637774436047313,True
sharp electronics,73564.76999999999,0.9639221046609976,True
craftmaster hardware,73159.35,0.9640659684812307,True
mr nature,72774.68,0.964209075869159,True
vmi,72040.26000000001,0.964350739060729,True
cleansource interline brands,71324.0,0.9644909937665772,True
rockwell engineering equipment,71298.2,0.9646311977381508,True
kritz excavating trucking,70910.0,0.9647706383358696,True
verizon wireless,70795.93,0.964909854621235,True
entisys solutions,70287.08,0.9650480702811859,True
royal packaging,70284.0,0.9651862798844868,True
multi w systems,69878.01,0.9653236911308809,True
sunrise distributors,69796.4,0.9654609418957183,True
siro trading,69794.85,0.9655981896125665,True
all industrial electric supply,68976.70999999999,0.965733828502301,True
tristate laminating division gl veneer,68551.36,0.9658686309647583,True
bakemark,67991.58,0.9660023326507694,True
good source solutions,67937.25,0.9661359274998369,True
magid glove safety mfg,67561.65,0.9662687837522537,True
brocade,67400.36,0.9664013228367956,True
builders booksource,66436.0,0.9665319655606717,True
computer 1 products america,66189.40000000001,0.9666621233592706,True
atlantic hvac,65845.0,0.9667916039142952,True
rally chevrolet pontiac,65620.25,0.9669206425108607,True
thomas partitions specialties,65408.009999999995,0.9670492637491911,True
river city office supply,64974.83,0.9671770331629814,True
edward r bacon,64958.75,0.9673047709563403,True
marc becker diesel fuel injection,64806.08,0.9674322085325779,True
eta international,64533.4,0.9675591098986592,True
java holdings,63826.08,0.9676846203590351,True
universal fish boston,62310.0,0.9678071495318438,True
access electric supply,62109.83,0.9679292850814054,True
at t mobility,61538.159999999996,0.9680502964734928,True
east bay tire,60857.83,0.9681699700342188,True
kinemetrics,60815.0,0.9682895593721157,True
fleet card fuels,60797.479999999996,0.9684091142579005,True
del paso pipe steel,60142.38,0.968527380925725,True
allied veteran logistical services,59785.0,0.9686449448255223,True
united refrigeration,58903.72,0.9687607757368841,True
riverside publishing,58187.96,0.9688751991457466,True
regents univ ca cont educ bar,57846.0,0.9689889501091601,True
curry transfer recycling,57801.0,0.9691026125825594,True
international restaurant supply,57679.92,0.9692160369588276,True
tullet prebon americas,57600.0,0.9693293041768308,True
complete development services,57555.810000000005,0.9694424844976403,True
mister sprockets,57018.0,0.9695546072447948,True
lexisnexis matthew bender,56779.0,0.9696662600116526,True
bob barker,56071.130000000005,0.9697765207912601,True
jm enterprise,56046.0,0.9698867321541109,True
dell marketing l p,55389.82,0.9699956531752411,True
best source distributing,55276.16,0.9701043506902602,True
valley industrial specialties,55210.64,0.9702129193638188,True
bauer compressors,55203.32,0.9703214736430018,True
nco industries,54339.52,0.9704283293072037,True
able ribbon technology,53846.45,0.9705342153764892,True
skyline scaffold,53562.0,0.9706395420905636,True
fred c gilbert,53526.8,0.9707447995857826,True
gibbs international truck center,53015.7,0.9708490520310863,True
dc frost associates,52173.95,0.9709516492215158,True
baydot,51852.5,0.9710536142982781,True
food express usa,51724.79,0.9711553282403805,True
emc publishing,50743.35,0.9712551122349408,True
gone fishin marine,50537.869999999995,0.9713544921644321,True
solera holdings dba audatex,50232.0,0.9714532706174658,True
modern data products,50041.08,0.9715516736368663,True
v h blackinton,49999.0,0.9716499939082717,True
wilbur ellis,49830.0,0.9717479818505129,True
j r supply,49404.26,0.9718451325985634,True
just clean it,49179.7,0.9719418417617792,True
valley oxygen,49073.14,0.9720383413806417,True
daily journal,48845.0,0.9721343923747974,True
hemmingsen contracting,48772.09,0.9722302999954657,True
belson outdoors,48603.24,0.972325875581937,True
kamran,48491.0,0.9724212304546487,True
valley tool repair,48430.0,0.9725164653742302,True
medline industries,48057.85,0.9726109684813954,True
acco engineered systems,48057.0,0.9727054699170825,True
aqua sierra controls,47823.22,0.9727995116373145,True
national food group,47798.76,0.9728935052583075,True
bruce s tire,47483.85,0.9729868796261822,True
karls mojave hardware,47317.47,0.9730799268169783,True
paul fabares dba ranesco,46926.48,0.9731722051475388,True
jim o malley plumbing,46854.82,0.973264342562668,True
ibhp,46739.01,0.9733562522438298,True
alco target,46315.840000000004,0.9734473297845638,True
seviers auto supply,46315.47,0.9735384065977134,True
david billingsley tire service,46315.3,0.9736294830765673,True
l f distributing,46160.71,0.9737202555627261,True
neopost,45002.0,0.9738087495096807,True
veterinary pharmaceuticals,45000.0,0.9738972395237456,True
county tulare,44951.0,0.9739856331820176,True
millennia technologies,44842.53,0.9740738135400266,True
valley truck tractor,44668.4,0.9741616514810102,True
crown lift,44603.93,0.9742493626453003,True
ditch witch equipment,44500.0,0.9743368694369867,True
autozone,44373.43,0.9744241273357603,True
yamaha golf cars california,44357.05,0.9745113530241689,True
oliver worldclass labs,44278.56,0.9745984243663284,True
west coast lights sirens,43669.729999999996,0.9746842984779266,True
csi supply,43471.13,0.9747697820535959,True
inyo leasing,43424.5,0.9748551739339463,True
spherion pacific enterprises,43250.0,0.9749402226696865,True
flo line technology,42933.0,0.9750246480424388,True
control solutions,42803.9,0.9751088195471729,True
platt electric supply,42761.2,0.975192907084716,True
eagle police supply,42525.0,0.9752765301480073,True
goodman audio services,42495.25,0.9753600947095672,True
office xpress,42452.73,0.9754435756578961,True
fluid gauge,42407.84,0.9755269683325197,True
r beyer,42184.89,0.9756099225882848,True
certiport,41808.35,0.9756921363989413,True
work training center for handicapped,41796.0,0.9757743259240048,True
fisher metal products,41700.0,0.9758563266703717,True
top dog retrievers,41306.25,0.9759375531291156,True
shar craft,41193.56,0.9760185579891997,True
coast citrus distributors,40874.95,0.9760989363203197,True
geiger supply,40796.08,0.9761791595579419,True
saroni food service,40762.1,0.9762593159757713,True
norcal supply,40694.04,0.9763393385573704,True
abbott diabetes care sales,40681.92,0.9764193373056592,True
advanced distribution,40536.44,0.9764990499755646,True
sunbelt controls,40384.5,0.9765784638638537,True
idsc holdings snap on ind,40274.74,0.9766576619151662,True
intergalactic placements,40211.11,0.976736734841599,True
bps tactical,40104.2,0.9768155975354226,True
linenbach auto parts,40000.0,0.9768942553257026,True
performance based standards pbs learning institute,40000.0,0.9769729131159826,True
geo slope international,39990.75,0.9770515527166486,True
modern building systems,39870.0,0.9771299548691101,True
syar concrete,39447.740000000005,0.9772075266706087,True
heavy construction system specialists,39400.0,0.9772850045940344,True
trimble navigation,39327.0,0.977362338966993,True
progressive print solutions,39320.43,0.9774396604204095,True
vertex,39240.0,0.9775168237126742,True
duncan duncan medical,39044.84,0.97759360323358,True
ourx pharmaxy,39037.0,0.9776703673375591,True
motorola,38655.3,0.9777463808495743,True
hilti,38559.68,0.9778222063301419,True
emergency vehicle specialists,38495.76,0.9778979061155607,True
daglow janitorial med supplies,38315.84,0.9779732520982387,True
united rentals north america,38315.16,0.9780485967437343,True
garza industries,38254.659999999996,0.9781238224193222,True
professional cleaners supply,38124.0,0.9781987911592381,True
consolidated electrical distributors,37854.04,0.9782732290377274,True
j w wood northern industrial sales,37787.63,0.9783475363246203,True
amber chemical,37600.0,0.9784214746474835,True
aaa wholesale tool supply,37552.200000000004,0.9784953189742873,True
walkers office supplies,37226.31,0.9785685224564092,True
ecolab,37102.85,0.9786414831612616,True
tiger tanks,36960.0,0.9787141629594803,True
dynamic imaging,36830.0,0.9787865871198806,True
witt s everything for office,36805.509999999995,0.9788589631220488,True
c b enterprises,36744.43,0.9789312190137713,True
sysco sacramento,36694.9,0.9790033775074849,True
county kern,36589.0,0.9790753277546987,True
hat creek construction materials,36470.0,0.9791470439949865,True
thompson building material,36463.53,0.9792187475123767,True
ens,36000.0,0.9792895395236287,True
greg robles,35991.85,0.979360315508356,True
paper distributors,35893.2,0.9794308975033079,True
carpenter excavation,35513.28,0.9795007324065678,True
barnes noble,35420.47,0.9795703848040898,True
pace learning systems,35162.5,0.9796395299178577,True
sysco food service,34878.33,0.9797081162270191,True
rincon consultants,34745.0,0.9797764403501011,True
kko labs,34668.0,0.9798446130569368,True
professional village pharmacy,34591.08,0.9799126345048417,True
clean lakes,34386.06,0.9799802527922427,True
jenmax foods,34042.5,0.9800471954878828,True
cal steam 2504,33945.46,0.9801139473597237,True
recovery direct,33909.0,0.9801806275349888,True
clark security products division anixter,33847.25,0.9802471862822901,True
golf cars riverside,33827.98,0.9803137071362011,True
sids carpet barn,33630.95,0.9803798405415015,True
casalett,33480.0,0.9804456771119658,True
all terrain water,33479.0,0.9805115117159855,True
rotronic instrument,33375.0,0.9805771418097503,True
automated gate services,33361.2,0.9806427447665775,True
kisters north america,33308.0,0.9807082431085438,True
h w sessoms construction,33278.94,0.9807736843056253,True
tns trucking,33249.0,0.9808390666273508,True
clipper controls,33160.0,0.9809042739354928,True
coca cola,33071.65,0.9809693075082406,True
accurate measurement systems,32947.0,0.9810340959636495,True
inland empire foods,32865.0,0.9810987231705883,True
george s auto supply,32638.75,0.9811629054694009,True
graybar electric,32552.99,0.9812269191259111,True
fleet data systems,32514.46,0.9812908570153047,True
advanced dvbe solutions,32237.72,0.9813542507107764,True
pac van,31875.0,0.9814169311374058,True
guntert steel,31874.6,0.9814796107774573,True
elements,31744.0,0.9815420335998235,True
united synergy,31650.97,0.9816042734838341,True
p s supply,31609.08,0.9816664309934736,True
superior foods,31513.75,0.9817284010419345,True
titus enterprises,31369.0,0.9817900864475168,True
forms at ten,31250.0,0.9818515378461731,True
esri learning center,31155.0,0.9819128024325774,True
dave leggitt enterprises,31099.79,0.9819739584515668,True
evolve technology group,31026.7,0.9820349707431087,True
howard sons building materials,30842.08,0.9820956199896197,True
lehr auto electric,30841.239999999998,0.9821562675843171,True
brodart,30502.91,0.9822162498717598,True
frank olsen,30487.0,0.9822762008730666,True
wastequip,30470.0,0.9823361184448123,True
precision air systems,30324.0,0.9823957489156235,True
central california instruments,30295.0,0.9824553223595369,True
diltex,30194.99,0.9825146991393101,True
southwest equipment supply,29922.28,0.9825735396499335,True
walsma oil,29885.9,0.9826323086212967,True
c d industrial supply,29857.8,0.9826910223355623,True
rinker associates,29709.0,0.982749443442848,True
spirited foods,29700.0,0.9828078468521309,True
battery systems,29486.58,0.9828658305827737,True
jmc performance,29463.47,0.9829237688688783,True
tonerimaging,29433.5,0.9829816482206335,True
intermountain lock security supply,29398.32,0.983039458392862,True
gonneville,28974.12,0.9830964343992248,True
russell sigler,28972.08,0.98315340639404,True
ca state water resources control board,28804.0,0.9832100478688207,True
buy supplies 4 less,28795.16,0.9832666719602298,True
rome mercantile,28760.75,0.9833232283862746,True
fork lift specialties,28753.22,0.9833797700049905,True
staples,28737.0,0.9834362797279724,True
bj enterprises,28487.5,0.9834922988229875,True
gorilla stationers,28087.97,0.9835475322643288,True
ridgeline technology,28081.67,0.9836027533170681,True
helena chemical,28065.0,0.9836579415891734,True
cart mart,28058.34,0.9837131167647565,True
moore flooring,28029.0,0.9837682342448504,True
innertainment delivery systems,27533.55,0.9838223774498895,True
xpedx,27509.34,0.983876473047301,True
accredo health group,27398.0,0.9839303497007533,True
california steam specialties,27074.95,0.9839835910942268,True
roberts associates,26733.43,0.9840361609074869,True
dunn edwards,26477.35,0.9840882271535737,True
faxtronics,26474.75,0.9841402882869041,True
customized energy solutions,26400.0,0.9841922024284889,True
pearblossom hardware,26302.850000000002,0.9842439255299656,True
horizon business solutions,26231.760000000002,0.9842955088368844,True
capitol elevator,26000.0,0.9843466364005665,True
madland toyota lift,25937.67,0.9843976413957468,True
payless building supply,25484.510000000002,0.984447755276821,True
windecker,25254.0,0.9844974158727143,True
transtech systems,25252.82,0.9845470741482027,True
back to basics foods,25140.0,0.9845965105693937,True
access custom garage doors,25121.26,0.9846459101394099,True
l foods,25120.0,0.9846953072317057,True
bloomberg,25080.0,0.9847446256662113,True
teel technologies,24952.8,0.9847936939689438,True
eh,24946.800000000003,0.9848427504730077,True
troux technologies,24919.45,0.9848917531948076,True
csi paint,24915.52,0.9849407481884794,True
sav on fence,24770.8,0.9849894585982661,True
granite construction,24672.690000000002,0.9850379760801578,True
exide technologies,24538.0,0.985086228701605,True
saw service america,24509.85,0.9851344259676325,True
silicon forensics,24250.0,0.9851821122529897,True
forklift specialists,24179.0,0.9852296589207692,True
valley pipe supply,24145.73,0.9852771401649316,True
arlene mickley dba educ strategies,24134.76,0.9853245998371951,True
mathworks,24128.0,0.985372046216292,True
met one instruments,24116.050000000003,0.9854194690963741,True
capsa solutions,24109.83,0.9854668797451697,True
american eagle computer products,23950.03,0.9855139761560932,True
tom s house hydraulics,23939.0,0.985561050877131,True
ludfords,23904.0,0.9856080567726023,True
hust bros,23659.33,0.9856545815380349,True
western state design,23611.7,0.9857010126417037,True
clark security products,23540.34,0.9857473034198747,True
west star environmental,23530.02,0.9857935739043358,True
kipp zonen,23510.0,0.9858398050205728,True
supremewholesaleelectricinc,23417.1,0.985885853454092,True
modesto steel,23343.839999999997,0.9859317578258682,True
angus hamer networking,23327.510000000002,0.9859776300856016,True
at t global services,23312.6,0.9860234730256436,True
coastline community college,23310.98,0.9860693127800452,True
direct digital controls,23264.0,0.986115060150872,True
resource building materials,23201.59,0.9861606847958816,True
sysco foods,23155.989999999998,0.9862062197710102,True
water education foundation,23044.45,0.9862515354088907,True
globalscape,22960.17,0.986296685314807,True
bsn sports,22936.79,0.986341789245245,True
monster technology,22860.25,0.9863867426640012,True
barton overhead door,22586.56,0.9864311578864918,True
dash medical gloves,22456.0,0.986475316369955,True
watermark engineering,22380.0,0.9865193254036166,True
3t equipment,22377.52,0.9865633295604953,True
tire store,22360.0,0.9866072992652618,True
north siskiyou dairy,22205.989999999998,0.9866509661178714,True
charles f gagliasso trucking,22194.71,0.9866946107889839,True
westside building material,22172.53,0.9867382118443518,True
dal tile,22140.8,0.9867817505044276,True
kevin burke,22011.52,0.9868250349425252,True
warehouse paint,21971.879999999997,0.9868682414307526,True
jtt consulting,21960.0,0.9869114245576163,True
sunset software technology,21882.0,0.986954454301789,True
u s air filtration,21768.48,0.9869972608151529,True
floor store,21699.25,0.9870399311915462,True
j m equipment,21548.72,0.9870823055590103,True
e santa ana sons ptg,21547.2,0.9871246769374783,True
comfort air,21472.0,0.9871669004393007,True
everfilt,21377.0,0.987208937128871,True
drumrights office supply,21353.96,0.9872509285115542,True
avepoint,21300.0,0.9872928137848783,True
gold run cabinet door,21261.0,0.9873346223668569,True
galaxie defense marketing services,20945.32,0.9873758101815545,True
advantage imaging supply,20812.2,0.9874167362231262,True
ife marketing,20672.22,0.9874573870017608,True
mitchell 1,20629.9,0.9874979545604532,True
cal fire,20560.33,0.9875383853135838,True
b b surplus,20530.129999999997,0.9875787566800828,True
storage battery systems,20506.0,0.9876190805962699,True
thermo fisher scientific,20449.12,0.9876592926610791,True
ecotensil,20403.46,0.9876994149380207,True
quinn shepherd machinery,20380.760000000002,0.9877394925766664,True
stryker sales,20350.99,0.9877795116742517,True
cosar international,20347.5,0.9878195239089448,True
cal coast ophthalmic instruments,20264.95,0.9878593738136231,True
roofers mart so cal,20059.35,0.9878988194172594,True
new pig,20044.7,0.9879382362124801,True
wilsonstafford,20023.940000000002,0.9879776121843076,True
calaveras lumber,20021.11,0.9880169825910964,True
fleetpride,20000.0,0.9880563114862364,True
tulare firestone,20000.0,0.9880956403813764,True
jns foods,20000.0,0.9881349692765165,True
ely auto parts,20000.0,0.9881742981716564,True
walts auto parts,20000.0,0.9882136270667964,True
suburban propane,19999.0,0.9882529539954916,True
direct action tactical,19999.0,0.9882922809241869,True
goodheart willcox publisher,19918.5,0.9883314495540791,True
1 fire protection,19900.0,0.9883705818047435,True
webb surgical supply,19832.1,0.9884095805338088,True
unicom systems,19808.0,0.9884485318715555,True
allied building products,19802.75,0.9884874728854671,True
blasting materials equipment,19800.0,0.9885264084916557,True
kelly moore paint,19781.93,0.9885653085641877,True
blaisdell s business products,19591.55,0.9886038342649667,True
swift jeep chrysler plymouth dodge,19586.0,0.9886423490519772,True
cottonwood electric cart service,19293.4,0.9886802884572519,True
meek s,19204.97,0.9887180539698168,True
redwood biotech,19200.0,0.9887558097091512,True
office supply express,19156.399999999998,0.9887934797114941,True
vulcan materials western div,19099.0,0.9888310368399081,True
univar usa,19089.97,0.988868576211326,True
msab,18995.0,0.9889059288294851,True
industry packing seal,18920.86,0.9889431356554301,True
vincent electric motor,18866.36,0.9889802353101358,True
chickasaw general supply,18814.2,0.989017232395083,True
livermore software technology,18800.0,0.9890542015565146,True
freeman rock,18776.0,0.989091123523272,True
patten energy enterprises,18715.0,0.9891279255368992,True
johasee rebar,18623.0,0.9891645466376089,True
ibm,18612.0,0.9892011461074262,True
united parcel service,18600.0,0.9892377219799063,True
therapeutic research center,18548.09,0.9892741957742391,True
caf tech,18446.62,0.9893104700334225,True
clary business machines,18444.58,0.9893467402810585,True
orco block,18401.68,0.9893829261682145,True
anderson pump,18380.12,0.9894190696588216,True
barrett engineered pumps,18375.12,0.9894552033172048,True
pacific plumbing specialties,18316.2,0.989491221112663,True
asap industrial supply,18305.0,0.9895272168839399,True
ammmm,18218.75,0.9895630430493565,True
houghton mifflin harcourt publishing,18208.8,0.9895988496486477,True
robinson s interiors,18177.0,0.9896345937149957,True
daniels tire service,17956.21,0.9896699036100058,True
r b spencer,17887.0,0.9897050774073742,True
interior designs by ricci,17825.63,0.989740130524028,True
patton sales,17811.24,0.9897751553435417,True
pueblo trading,17800.0,0.9898101580602162,True
waterman supply,17770.600000000002,0.9898451029634151,True
richard milner group,17738.59,0.989879984920717,True
fontaine metal products,17735.0,0.9899148598184825,True
burkett s office supplies,17637.530000000002,0.9899495430468773,True
columbia specialty,17614.31,0.9899841806144251,True
o leary s office products,17532.86,0.9900186580150473,True
morgan tire sacramento,17501.17,0.9900530730990351,True
electric motor works,17421.0,0.9900873305331469,True
future perfect studios,17387.14,0.990121521383439,True
industrial electric machinery,17315.0,0.9901555703744065,True
state ready mix,17230.0,0.9901894522175696,True
evoqua water technologies,17223.71,0.9902233216917952,True
pape material handling,17149.0,0.9902570442529329,True
golden empire concrete,17123.43,0.9902907165320783,True
essentialmed dba magur medical,17105.84,0.9903243542214604,True
desert business machines,17080.0,0.9903579410979099,True
gopher sport,17054.18,0.9903914772007558,True
holt lumber,17047.379999999997,0.9904249999317775,True
get tires,16969.19,0.9904583689064834,True
simonds pump,16912.36,0.990491626128134,True
west coast sand gravel,16907.25,0.9905248733012518,True
impact assessment,16875.8,0.990558058629682,True
uline,16854.2,0.9905912014829054,True
sherwin williams,16802.29,0.9906242422579815,True
etech controls,16664.8,0.990657012666568,True
michael h brown m d,16660.0,0.9906897736362197,True
discovery door,16651.4,0.9907225176944463,True
professional property maintenance,16567.29,0.9907550963550046,True
sorensen machine work,16558.5,0.9907876577305134,True
scott tanner business equipment,16537.92,0.990820178636589,True
pan pacific supply,16536.0,0.9908526957670908,True
bobcat,16439.95,0.9908850240205737,True
monterey auto supply,16293.75,0.990917064779833,True
rivcomm,16282.0,0.9909490824333664,True
american office products,16116.94,0.9909807755055283,True
madera uniform accessories,16112.0,0.9910124588634531,True
tayco screenprint,16074.0,0.9910440674964771,True
nick s custom golf cars,16015.69,0.9910755614661073,True
new england sheet metal,15992.31,0.9911070094602592,True
desert industrial supply,15971.55,0.9911384166310179,True
tool stop,15966.69,0.9911698142448551,True
dubois excavating,15932.64,0.9912011449012481,True
atv video center,15792.5,0.9912321999800731,True
office emergency services,15779.04,0.9912632285905516,True
open text,15667.85,0.9912940385520376,True
c athletics,15649.72,0.9913248128618802,True
pearsons,15645.0,0.9913555778901034,True
advantage west government product solutions,15622.0,0.9913862976900973,True
bear data solutions,15560.0,0.9914168955705163,True
fleet tek,15390.0,0.9914471591553264,True
cobra tactical,15330.38,0.9914773055007002,True
swensens shoe store,15239.04,0.99150727223101,True
tops pen,15200.0,0.9915371621913164,True
lone tree lumber ca steel,15176.68,0.9915670062941311,True
mjp technologies,15173.42,0.9915968439863359,True
union supply,15165.85,0.9916266667925538,True
arroyo grande glass mirror,15002.0,0.9916561673967984,True
superior auto parts warehouse,15000.0,0.9916856640681534,True
fed express business solutions,15000.0,0.9917151607395084,True
justcarla,14890.619999999999,0.9917444423211359,True
chemco products,14856.599999999999,0.9917736570043127,True
osha review,14848.25,0.9918028552676759,True
mb contract furniture,14819.26,0.9918319965238055,True
campton electric supply,14808.310000000001,0.9918611162473651,True
etrac equipment,14760.0,0.9918901409719784,True
sunrise shoes pedorthic serv,14746.0,0.9919191381663651,True
pacific utility construction,14731.88,0.9919481075945519,True
we deal,14705.04,0.9919770242433613,True
powerstride battery,14630.22,0.9920057937627742,True
mir3,14550.0,0.9920344055339885,True
central auto parts ii,14534.869999999999,0.9920629875528937,True
white cap construction supply,14462.24,0.9920914267489161,True
klamaths best marketing,14454.0,0.9921198497414339,True
good source,14403.52,0.9921481734678201,True
rl environmental,14400.0,0.992176490272321,True
comtronix communications,14392.0,0.9922047913452637,True
abate weed,14314.96,0.9922329409233024,True
daniel m judd o d,14271.0,0.9922610040564295,True
garrison manufacturing,14180.88,0.9922888899735551,True
roofers mart southern california,14170.15,0.9923167547907285,True
meeks lumber hardware,14118.060000000001,0.9923445171757945,True
inchs tooling machining,14100.0,0.9923722440468682,True
modspace,14090.04,0.9923999513321522,True
sezzi concrete materials,14010.0,0.9924275012231978,True
bbc electric,13996.15,0.9924550238789833,True
vulcan industries,13944.0,0.992482443984675,True
nwn,13924.26,0.9925098252727471,True
abc fire extinguisher,13923.670000000002,0.9925372054006169,True
trimark erf,13880.88,0.9925645013843153,True
d l supply,13812.0,0.992591661919299,True
nasco modesto,13764.65,0.9926187293431235,True
arrow restaurant equipment,13744.5,0.992645757143086,True
consolidated fabricators,13725.0,0.9926727465973758,True
zytech solutions,13699.52,0.9926996859466533,True
celle brite usa,13698.97,0.9927266242143861,True
blast coat systems,13676.0,0.9927535173128827,True
tum lum lumber,13617.41,0.9927802951973813,True
immixtechnology,13590.6,0.9928070203614958,True
d l auto parts,13545.01,0.9928336558753937,True
siskiyou distributing,13505.84,0.9928602143636506,True
specialized products,13482.6,0.9928867271517314,True
cemex,13463.5,0.9929132023807172,True
s l meat sales,13445.619999999999,0.9929396424496709,True
citrus heights saw mower,13400.0,0.9929659928094147,True
hi west foods,13280.0,0.9929921071957877,True
california custom trailers,13268.0,0.9930181979848235,True
rsse,13240.0,0.9930442337134062,True
rex o stephens contractor,13230.0,0.9930702497775413,True
saddleback educational publishing,13194.97,0.9930961969571166,True
john d r clark,13135.16,0.993122026523631,True
kalos,13088.0,0.9931477633526107,True
geothermal solutions,13078.960000000001,0.9931734824049296,True
save on video,13071.36,0.9931991865122686,True
nuaire,13046.0,0.9932248407505684,True
epi use america,12975.38,0.9932503561185394,True
hawk ridge systems,12967.5,0.9932758559909258,True
electric truck industries,12868.48,0.9933011611459525,True
compressor parts unlimited 33403,12856.0,0.9933264417597484,True
crawford associates,12761.13,0.9933515358169303,True
mendo mill lumber,12720.26,0.9933765495055149,True
athletic stuff,12659.25,0.993401443221305,True
vinyard doors,12614.4,0.9934262487420477,True
bills mower saw,12483.88,0.9934507976024206,True
wcr,12480.75,0.9934753403078216,True
mission office products,12434.4,0.993499791868508,True
hertz equipment rental,12385.0,0.9935241462868234,True
ammons scientific,12380.0,0.9935484908729151,True
united rental,12377.55,0.9935728306412172,True
jwa consulting engineers,12339.75,0.9935970960779074,True
velocity team sales,12300.0,0.9936212833484184,True
shamrock materials,12256.65,0.9936453853735493,True
bear state pump equipment,12251.0,0.9936694762882673,True
weyrick companies,12235.9,0.9936935375096694,True
office pro,12219.86,0.9937175671892977,True
cutting edge audio group,12210.0,0.9937415774797806,True
wilsons trees things,12205.0,0.9937655779380399,True
ice data,12150.0,0.9937894702418374,True
concrete,12150.0,0.9938133625456349,True
maintex,12127.33,0.9938372102701298,True
e m electric machinery,12100.0,0.9938610042516896,True
wingfoot commercial tire systems,11957.26,0.9938845175429246,True
bakersfield paint wallpaper,11922.48,0.993907962441211,True
remedia publications,11914.91,0.9939313924535107,True
central coast commercial laundries,11861.0,0.9939547164547735,True
fleet tire dba brannon tire,11853.66,0.9939780260223319,True
stay safe store,11818.1,0.9940012656631145,True
northern california power agency,11810.0,0.9940244893756948,True
syar industries,11770.0,0.9940476344304846,True
blythe auto parts,11746.880000000001,0.9940707340210717,True
vistar,11683.3,0.9940937085851013,True
joed,11630.08,0.9941165784949406,True
dean distributors,11600.0,0.9941393892541218,True
sacramento bee,11520.0,0.9941620426977225,True
hehr glass,11512.61,0.9941846816092964,True
standard appliance hvac supply,11493.7,0.9942072833354,True
hagel services,11428.59,0.9942297570262852,True
fresno tool industrial supply,11400.0,0.994252174496515,True
campbell scientific,11236.33,0.9942742701187315,True
keefe supply,11225.849999999999,0.9942963451326069,True
tsps,11223.55,0.9943184156236593,True
door service repair,11167.2,0.9943403753055496,True
samco communications,11153.48,0.994362308007818,True
cubes,11120.0,0.9943841748735158,True
blue violet networks,11082.8,0.9944059685874688,True
video electronics,11069.0,0.994427735164484,True
select business systems bakersfield,11065.0,0.9944494938757202,True
certex southern california lamb,11031.99,0.994471187674615,True
rockware,11000.0,0.994492818566942,True
seafloor systems,10999.0,0.9945144474928242,True
coverall protective covers,10997.6,0.9945360736656839,True
walman optical dba x cel contacts,10940.869999999999,0.9945575882821324,True
paso robles chevrolet,10842.41,0.9945789092824302,True
coast crane,10775.94,0.994600099573145,True
wc chemical engineering,10752.59,0.9946212439473746,True
air exchange,10702.0,0.994642288839164,True
acme glass,10686.4,0.9946633030544151,True
uni poly,10680.0,0.9946843046844199,True
castaic towing auto repair,10660.039999999999,0.9947052670641874,True
environmental concepts,10560.0,0.9947260327208213,True
hi grade materials,10533.93,0.9947467471122404,True
integrated industrial supply,10501.2,0.9947673971419225,True
continuing education bar,10500.0,0.9947880448118711,True
scholastic,10445.59,0.9948085854875602,True
general produce,10426.3,0.9948290882305302,True
powerland equipment,10424.69,0.9948495878075241,True
lancaster plumbing supplies,10415.14,0.9948700686049705,True
royal wholesale electric,10400.0,0.9948905196304433,True
bake r us,10357.2,0.9949108864920805,True
icom american,10319.27,0.994931178766468,True
radiant logic,10312.5,0.9949514577280245,True
xyz scientific applications,10250.0,0.9949716137867838,True
flo systems,10236.0,0.9949917423153164,True
calaveras materials,10215.0,0.9950118295485092,True
lowmarkup,10210.73,0.9950319083849829,True
cs asscociated municipal sales,10188.31,0.9950519431337651,True
sourceone office products,10114.94,0.9950718336044955,True
qcoherent software,10069.17,0.9950916340710493,True
clarizen,10065.6,0.9951114275173955,True
flir systems,10050.0,0.9951311902872032,True
wildco,10049.1,0.9951509512872109,True
kenmar instrumentation hardware,10030.5,0.995170675711346,True
george bryant construction,10030.0,0.9951903991522587,True
applied network security,10018.0,0.9952100989958343,True
prudential overall supply,10000.0,0.9952297634434043,True
masters pharmaceutical,10000.0,0.9952494278909743,True
cipherpoint software,10000.0,0.9952690923385443,True
barnes noble booksellers,9986.53,0.9952887302981034,True
russell fabrication,9900.0,0.9953081981011976,True
target specialty products,9855.17,0.9953275777485735,True
allied 100,9747.33,0.9953467453345468,True
heritage food service equipment,9724.62,0.9953658682625596,True
all america medical products,9721.240000000002,0.9953849845439892,True
t l battery,9715.4,0.9954040893413812,True
second amendment sports,9695.0,0.9954231540233004,True
sled it solutions,9660.0,0.995442149879653,True
confidence ust services,9640.0,0.9954611064071105,True
barcodes,9610.0,0.9954800039412253,True
quickseries publishing,9589.5,0.9954988611632225,True
mercury marine division brunswick,9552.0,0.9955176446435413,True
american association textile chemists colorists,9535.5,0.9955363956775217,True
global correctional systems,9525.0,0.9955551260638321,True
lombart instrument,9517.0,0.9955738407185846,True
coast learning systems,9515.25,0.9955925519320585,True
horizon sales minnesota,9500.0,0.9956112331572501,True
atlantic diving supply,9481.8,0.995629878593147,True
action computer toner supply,9430.7,0.9956484235437169,True
mmg technology group,9420.0,0.9956669474533277,True
la foods,9400.0,0.9956854320340436,True
computers structures,9360.0,0.995703837956969,True
cofer oberlies,9350.0,0.995722224215447,True
quinn,9339.720000000001,0.995740590258873,True
american carports,9306.0,0.9957588899937816,True
cen cal,9266.42,0.9957771118968067,True
planmeca usa,9237.65,0.9957952772252162,True
pacific industrial supply,9224.0,0.9958134157116548,True
ss worldwide,9211.24,0.9958315291062583,True
rgs carports more com,9206.0,0.9958496321966912,True
pixell,9188.0,0.9958676998911186,True
fluid imaging technologies,9080.0,0.995885555209512,True
mody pumps,9046.2,0.9959033440620728,True
barry wehmiller design,9030.0,0.9959211010582285,True
magazine subscription service agency,9021.92,0.9959388421655107,True
american disabled veterans distributors,9006.0,0.9959565519669922,True
o reilly auto parts,9000.0,0.9959742499698052,True
slo auto parts,8948.99,0.9959918476642712,True
musicians friend,8915.0,0.9960093785192798,True
c j foods,8900.0,0.9960268798776172,True
treible stationers,8881.36,0.9960443445814242,True
melo s gas gear,8869.61,0.9960617861795054,True
united barber beauty supply,8841.03,0.9960791715765953,True
central valley trailer repair,8835.0,0.9960965451160234,True
ron campbell trucking,8788.5,0.9961138272157702,True
baldwin contracting dba knife river construction,8782.81,0.9961310981264465,True
mullen marketing,8775.0,0.9961483536791892,True
goodspeed auto fuel systems,8760.85,0.9961655814067386,True
r y rodriguez,8759.27,0.9961828060273051,True
w w grainger,8749.8,0.99620001202564,True
johnson petroleum construction,8736.0,0.9962171908870372,True
inland water technology,8720.0,0.9962343382853182,True
modoc steel supply,8713.050000000001,0.9962514720168082,True
follett,8678.849999999999,0.9962685384958876,True
priority mailing systems,8598.25,0.9962854464795194,True
triangle rock products,8593.98,0.9963023460664322,True
gsj utility supply service,8547.38,0.9963191540170193,True
ives training compliance group,8522.4,0.9963359128458164,True
pacific computer supply,8468.25,0.9963525651916297,True
f h tire,8451.1,0.9963691838129157,True
sisq distributing,8420.62,0.9963857424969654,True
thomson reuters,8414.43,0.9964022890087221,True
h m gopher control,8412.0,0.996418830742018,True
us controls,8402.4,0.9964353535974441,True
fran san meat,8400.0,0.9964518717334029,True
fresno oxygen,8386.38,0.9964683630863841,True
comtech communications,8372.5,0.9964848271451121,True
gp development,8344.9,0.9965012369299647,True
simco foods,8301.35,0.9965175610761483,True
container alliance,8280.0,0.9965338432387363,True
packaging factory,8262.5,0.996550090988541,True
western dc systems,8260.24,0.9965663342941805,True
sontek ysi,8245.0,0.996582547631202,True
porter enterprises,8184.72,0.9965986424309335,True
pacific copier computer,8161.12,0.9966146908225688,True
5k,8160.0,0.996630737011786,True
pacific care products,8159.25,0.9966467817261695,True
sparling instruments,8136.0,0.9966627807207125,True
jwc environmental,8052.86,0.9966786162250384,True
orthosource,8042.08,0.9966944305310897,True
thatcher arizona,8040.0,0.9967102407469359,True
thatcher california,8040.0,0.9967260509627822,True
intelligence press,8034.0,0.99674184937996,True
vesoft,7952.0,0.9967574865486677,True
star foods,7911.75,0.9967730445679739,True
northend auto parts,7911.24,0.9967886015843932,True
commercial appliance service,7867.78,0.9968040731391234,True
netvad,7844.0,0.9968194979317974,True
coachella valley packaging,7840.0,0.9968349148586922,True
cisco air systems,7800.0,0.9968502531277968,True
dummies unlimited,7794.0,0.9968655795982329,True
mckesson drug,7790.0,0.9968808982028899,True
beverly hills 310,7788.0,0.9968962128746575,True
dmg north,7767.0,0.996911486251085,True
enoserv,7718.63,0.9969266645105798,True
norman s wright mechanical equipment corporatoin,7711.95,0.9969418296342235,True
all safe engravers,7685.0,0.996956941762181,True
general supply,7679.71,0.9969720434876458,True
geary pacific,7627.41,0.9969870423680498,True
2 90 sign systems,7621.400000000001,0.9970020294301207,True
icon safety,7621.04,0.9970170157842717,True
nor cal battery,7528.4,0.9970318199669802,True
la lift services,7509.0,0.9970465860006605,True
systems space,7500.0,0.997061334336338,True
fitzpatrick dental equipment,7449.01,0.9970759824029973,True
vista paint,7425.78,0.9970905847891449,True
ebs supply,7410.0,0.9971051561447943,True
wilco supply,7360.0,0.9971196291782058,True
sureconnections,7350.0,0.9971340825471697,True
discount two way radio,7305.6,0.9971484486059866,True
american metals,7260.8,0.9971627265680783,True
pacific material handling solutions,7247.0,0.9971769773932322,True
electric lighting,7241.5,0.99719121740294,True
spinitar,7234.17,0.9972054429986078,True
kern river power equipment,7212.26,0.9972196255094709,True
jensen precast,7190.0,0.9972337642472737,True
natural vision,7190.0,0.9972479029850766,True
caris usa,7182.0,0.9972620259913213,True
hamre equipment,7170.66,0.9972761266980826,True
t mobility,7155.72,0.9972901980261593,True
mcmaster carr,7142.84,0.9973042440264273,True
spiral binding,7132.4,0.9973182694970121,True
c h fence patio,7112.41,0.9973322556583663,True
priya prakash,7106.5,0.9973462301980318,True
barnes noble com,7070.85,0.9973601346339419,True
goengineer,7065.0,0.9973740275661501,True
firefighters bookstore,7057.8,0.9973879063399561,True
cash carry,7013.4,0.9974016978036148,True
quality team,6981.99,0.9974154275012438,True
oraline,6961.2,0.9974291163164861,True
lemoore hardware new,6948.0,0.9974427791746577,True
myerson,6947.04,0.9974564401450425,True
rine development,6943.28,0.9974700937215948,True
georges auto diesel electric,6911.59,0.9974836849815129,True
provantage com,6883.2,0.9974972204140642,True
holliday rock,6882.0,0.9975107534868818,True
central glass,6872.2,0.9975242672885408,True
cosco fire protection,6858.96,0.9975377550544713,True
fff enterprises,6851.61,0.9975512283670328,True
kapys electronics radio shack dealer,6832.0,0.9975646631176127,True
intergraph,6816.0,0.9975780664050764,True
golden state lumber,6799.0,0.9975914362629792,True
major alarm,6758.0,0.997604725496647,True
klure harris dba kh metals supply,6757.89,0.9976180145140059,True
surtec,6756.0,0.9976312998147842,True
am conservation group,6750.0,0.9976445733168939,True
kaufer s religious supplies,6736.53,0.9976578203309927,True
coast electronics,6733.7300000000005,0.9976710618390463,True
fitzsimmons lumber dba white pine lumber distributor,6716.55,0.997684269563579,True
river city truck equipment,6711.8,0.997697467947499,True
holt ca,6708.76,0.997710660353427,True
erdas aka leica geosystems geospatial imaging,6700.0,0.9977238355332989,True
baking ukiah,6688.36,0.9977369878237539,True
national police supply,6650.0,0.9977500646813879,True
franzen hill,6650.0,0.9977631415390219,True
cooper surgical,6602.04,0.9977761240859655,True
valley power systems,6599.02,0.9977891006942458,True
access systems,6598.0,0.9978020752967525,True
don rose oil,6595.75,0.9978150454747584,True
crown broadcasting,6575.78,0.9978279763828626,True
burke pace arroyo grande,6571.44,0.9978408987565965,True
western oilfields supply dba rain for rent,6570.0,0.99785381829865,True
title boxing,6549.65,0.9978666978235526,True
west coast industrial,6545.65,0.9978795694826763,True
statewide traffic safety signs,6537.84,0.9978924257838663,True
paramount pest control,6534.0,0.9979052745339085,True
r f macdonald,6497.05,0.997918050623817,True
rescue phone,6495.0,0.9979308226825138,True
burmax,6493.56,0.9979435919095301,True
west coast wire rope,6483.3,0.9979563409608231,True
parkhouse tire,6482.52,0.9979690884782892,True
c s industrial coatings,6440.0,0.9979817523825243,True
m m m electrical supply,6425.0,0.997994386790088,True
woodsmith,6409.09,0.9980069899115156,True
outdoor creations,6400.0,0.9980195751579605,True
edwards office systems,6354.92,0.9980320717570756,True
university colorado,6300.0,0.9980444603590447,True
articulate global,6291.0,0.998056831263011,True
montgomery hardware,6271.0,0.9980691628380821,True
satcom global fze,6270.0,0.9980814924467085,True
appliance sales service,6270.0,0.9980938220553349,True
brooks assoc,6234.69,0.9981060822287969,True
brailler depot,6230.0,0.998118333179633,True
ford upland,6187.74,0.9981305010285138,True
dobbs tv appliances,6181.959999999999,0.9981426575113437,True
contour sierra aebi terratrac,6177.55,0.9981548053221523,True
commercial door metal systems,6138.0,0.9981668753600708,True
universal specialties,6126.85,0.9981789234721302,True
z venture capital frontiers,6115.2,0.9981909486751083,True
glidden professional paint center,6110.46,0.9982029645571381,True
channing bete,6108.9,0.998214977371514,True
hello direct,6090.9,0.9982269547898844,True
alameda electrical distributors,6037.2,0.9982388266101714,True
public safety center,6027.0,0.9982506783727217,True
roy e hanson jr mfg,6001.0,0.9982624790077085,True
sandy s communications,6000.0,0.9982742776762505,True
business products supplies,5997.7,0.9982860718219696,True
cemex construction materials pacific,5996.0,0.9982978626247325,True
rls industries,5994.85,0.9983096511660841,True
cal coast machinery,5988.62,0.9983214274564848,True
stockton tri industries,5970.0,0.9983331671316841,True
snap on industrial,5969.66,0.9983449061382922,True
source graphics,5965.96,0.9983566378690546,True
cop shop installations,5954.58,0.9983683472216757,True
scottel voice data d b black box network services,5952.79,0.9983800530543607,True
national discount textles,5924.16,0.9983917025877325,True
flynn enslow,5910.98,0.9984033262033623,True
walters wholesale electric,5907.6,0.9984149431724088,True
beckman coulter,5883.9,0.9984265135367144,True
ct international,5883.09,0.9984380823081997,True
plumbing metalmens supply pamsco,5856.7,0.9984495991852081,True
argus media,5850.0,0.9984611028870366,True
image 2000,5845.2,0.9984725971499302,True
rk2 systems,5841.16,0.998484083468387,True
huntington hardware,5811.0,0.99849551047887,True
cloverleaf solutions,5803.4,0.9985069225443727,True
world book,5780.16,0.9985182889096993,True
r r quality meats,5778.0,0.9985296510275052,True
itc electronics,5709.47,0.9985408783848521,True
knife river,5690.0,0.9985520674555194,True
national business furniture,5672.2,0.99856322152347,True
office supply,5660.32,0.998574352230057,True
high desert auto electric,5658.0,0.9985854783744921,True
precisioncraft boatworks,5638.0,0.998596565190032,True
loops,5621.76,0.9986076200705091,True
crystal data solutions,5581.74,0.9986185962538671,True
river city paper,5550.0,0.9986295100222684,True
pacific coast hearing aid service,5527.5,0.9986403795456628,True
airgas west,5525.0,0.9986512441529452,True
adams electronics,5500.48,0.9986620605430022,True
rapid ratings international,5500.0,0.9986728759891657,True
berry lumber,5470.25,0.9986836329335976,True
road machinery,5468.25,0.9986943859451402,True
michelle hu,5464.2,0.9987051309925813,True
inland water works supply,5460.0,0.9987158677809546,True
tns ready mix,5450.0,0.9987265849048802,True
airgas carbonic,5447.5,0.998737297112694,True
t r l systems,5402.0,0.9987479198472713,True
peterson trucks,5380.95,0.9987585011881864,True
vulcan materials,5337.5,0.9987689970870769,True
dan s electrical supply,5317.9,0.9987794544436501,True
stephanie s covington ph d,5310.0,0.9987898962653098,True
environmental compliance products,5300.0,0.9988003184225219,True
california energy circuit,5300.0,0.998810740579734,True
ktek products systems,5299.56,0.9988211618717104,True
san bernardino paint,5297.4,0.998831578916166,True
west coast materials,5292.0,0.9988419853418201,True
west coast pneumatics,5289.75,0.9988523873429734,True
scott machine development corporati,5288.0,0.9988627859028485,True
computer masters,5287.97,0.9988731844037302,True
federal general services administration,5284.82,0.9988835767103109,True
vanguard instruments,5216.0,0.9988938336861634,True
citrus heidgts body shop,5210.26,0.998904079374623,True
lci computer office products,5199.0,0.9989143029209147,True
lassen community college,5189.3,0.9989245073926921,True
o rings things,5166.0,0.9989346660463068,True
restaurant equipment specialists,5158.4400000000005,0.9989448098335991,True
guidance software,5151.84,0.9989549406423559,True
shasta forest products,5138.5,0.9989650452187397,True
arise hospitality solutions,5135.92,0.9989751447216962,True
national fire systems,5132.5,0.9989852374994115,True
greenfield bodyworks,5094.55,0.9989952556505483,True
shift key solutions,5091.3,0.9990052674107396,True
citori dba g m towing automotive,5089.25,0.9990152751397192,True
fletcher s fire protection,5045.87,0.9990251975643252,True
lemoore auto supply,5040.0,0.9990351084459005,True
building resource management,5028.4,0.9990449965167165,True
k d sales,5019.95,0.9990548679710745,True
herold mielenz,5004.13,0.9990647083162763,True
vision recycling,5004.12,0.9990745486418137,True
heetwaves screen printing embroidery promotional products,5000.85,0.9990843825370768,True
turf industrial equipment,5000.0,0.9990942147608618,True
chino auto parts,5000.0,0.9991040469846467,True
z auto parts,5000.0,0.9991138792084318,True
proactive resolutions,5000.0,0.9991237114322168,True
digicert,5000.0,0.9991335436560017,True
vidacare,5000.0,0.9991433758797867,True
paso robles ford,4999.99,0.9991532080839073,True
dyers dieselro,4999.99,0.9991630402880279,True
mercury plastics,4999.0,0.9991728705453682,True
b w c electric,4996.15,0.9991826951983408,True
kern electric distributors,4991.9,0.9991925114939232,True
computer supplies unlimited,4990.0,0.9992023240532606,True
jims supply,4981.5,0.9992121198978177,True
enecon,4980.0,0.9992219127927074,True
purchasers choice,4948.25,0.9992316432529763,True
california turf equipment supply,4918.12,0.9992413144642647,True
astrophysics,4900.0,0.9992509500435739,True
all phase electric ced,4880.52,0.9992605473165393,True
controlled motion solutions,4876.3,0.999270136291108,True
cla val,4860.0,0.9992796932126269,True
patterson dental supply,4825.95,0.9992891831767019,True
cwl,4805.3,0.9992986325336928,True
redwood toxicology laboratory,4800.0,0.9993080714685264,True
cal west products,4800.0,0.9993175104033599,True
mobile id solutions,4799.0,0.9993269473717488,True
quality compressor,4795.0,0.9993363764743586,True
dustydiamond enterprise,4749.0,0.9993457151205096,True
petsmart,4724.09,0.9993550047825217,True
cooper controls,4706.1,0.9993642590681926,True
american blinds draperies,4700.55,0.9993735024400952,True
cinderlite trucking,4700.0,0.9993827447304531,True
garmin international,4677.9,0.9993919435623818,True
camfil farr,4662.72,0.9994011125436792,True
highcom security services,4650.0,0.9994102565117993,True
overhead door sacramento,4650.0,0.9994194004799193,True
adams heating cooling,4650.0,0.9994285444480394,True
dyna med division galls,4595.36,0.9994375809696179,True
walkenhorst s,4495.0,0.9994464201388006,True
creative ceramics glass,4493.46,0.9994552562796584,True
health care logistics,4483.7,0.9994640732280153,True
timpac,4475.52,0.9994728740908542,True
envirospectrum,4468.61,0.9994816613655597,True
markell,4434.85,0.9994903822530904,True
data systems design,4428.0,0.9994990896704744,True
triactive america,4360.59,0.9995076645298172,True
discoverit solutions,4329.0,0.9995161772691703,True
bioventus,4250.0,0.9995245346593875,True
tulsa dental products,4213.82,0.9995328209036335,True
budget blinds monterey bay,4171.0,0.9995410229447149,True
dmj consulting group,4094.59,0.9995490747297524,True
siemens,4080.32,0.9995570984536233,True
power machinery center,3980.96,0.9995649267915431,True
valley cities gonzales fence,3956.6,0.9995727072268686,True
waxie sanitary supply,3902.75,0.9995803817691441,True
calportland cement,3843.63,0.9995879400552053,True
maytex,3839.0,0.9995954892366276,True
main street technologies,3814.0,0.9996029892569307,True
east bay restaurant supply,3736.54,0.9996103369564231,True
joint commission resources,3736.0,0.9996176835940352,True
jmp business systems,3723.0,0.9996250046678655,True
swank motion pictures,3600.0,0.9996320838689907,True
sangean america,3540.0,0.9996390450834305,True
pearson dental supply,3480.0,0.9996458883111848,True
action rubber stamps,3453.58,0.9996526795854688,True
wm medical,3359.52,0.9996592858959588,True
all phase electric supply,3310.78,0.9996657963619312,True
arrowhead forensics,3306.45,0.999672298313198,True
hill rom,3249.52,0.9996786883147647,True
franklin auto body,3179.5,0.9996849406258697,True
accu chart plus health care systems,3144.86,0.9996911248193281,True
american medical depot,3142.7200000000003,0.999697304804595,True
eddie stone sons,3084.0,0.9997033693202255,True
norcal parts dba lodi truck equipment,3033.07,0.9997093336848246,True
lees mercy plaza pharmacy,3000.0,0.9997152330190956,True
dental health products,2926.52,0.9997209878590059,True
proactive sales marketing,2889.71,0.9997266703140846,True
national seating mobility,2833.98,0.9997322431791971,True
mtm recognition,2821.95,0.999737792387979,True
skips music,2777.1,0.9997432534017138,True
proquest,2698.0,0.9997485588696681,True
covidien kendall,2625.0,0.9997537207871552,True
obey imaging supplies,2562.0,0.9997587588186226,True
merry x ray chemical,2531.0,0.9997637358903027,True
bio medical devices intl,2512.23,0.9997686760518145,True
pacer service center us courts,2500.0,0.9997735921637071,True
u s postal service,2486.0,0.9997784807453729,True
rite aid dba rite aid pharmacy,2417.94,0.9997832354908087,True
berkeley varitronics systems,2370.25,0.999787896456494,True
del norte office supply,2315.31,0.9997924493857043,True
worthington direct,2295.1,0.9997969625730662,True
psychological test specialist,2250.0,0.9998013870737694,True
avia partners,2240.98,0.999805793837141,True
aaa electrical supply,2196.6,0.9998101133296943,True
alliant insurance services,2091.96,0.999814227053468,True
cyber medical imaging,2082.64,0.9998183224499767,True
bob allen,2050.0,0.9998223536617286,True
clovis stationery office supplies,2035.13,0.9998263556324469,True
jenny service,2000.0,0.9998302885219609,True
infinity optical,2000.0,0.9998342214114749,True
pacific paper arcata stationers,1962.44,0.9998380804413238,True
enviso,1960.0,0.9998419346730475,True
tandy leather,1939.65,0.9998457488876205,True
center for healthcare education,1932.0,0.9998495480588909,True
diamedical usa equipment,1842.0,0.9998531702501333,True
terry johnson trucking,1806.45,0.9998567225342646,True
nasco,1731.5900000000001,0.9998601276103413,True
laerdal medical,1683.41,0.9998634379431097,True
az golf cart specialist,1679.86,0.9998667412949993,True
mts health supplies,1672.8,0.9998700307637888,True
psychological assessment resources,1606.2,0.9998731892673575,True
technical safety services,1575.0,0.9998762864178498,True
schuyler house,1464.0,0.9998791652929739,True
books crannies,1446.6,0.9998820099519595,True
triarco arts crafts,1415.0,0.9998847924712907,True
sturm ruger in,1326.5,0.9998874009602609,True
p b,1325.35,0.9998900071878195,True
moore medical,1319.57,0.9998926020493275,True
sutter coast hospital,1250.0,0.9998950601052737,True
istock supply,1250.0,0.9998975181612201,True
john wiley sons publishing,1200.0,0.9998998778949284,True
biotron engineering,1200.0,0.9999022376286368,True
chronicle graphics,1179.24,0.999904556538952,True
quartermaster,1173.98,0.999906865105768,True
pia dental department corrections,1063.3,0.9999089560264781,True
peak technologies,1057.27,0.9999110350895263,True
neopost usa,1044.2,0.9999130884511416,True
pro ed,1044.0,0.9999151414194678,True
whitaker brothers business machines,995.0,0.999917098032001,True
west publishing dba elite thomson reuters business,989.0,0.9999190428458657,True
hazelden,981.9,0.9999209736979726,True
bizchair com,949.5,0.9999228408372693,True
king city hardware,920.0,0.9999246499664458,True
supplymaster,917.28,0.9999264537468925,True
by referral labels,902.88,0.9999282292105346,True
moriyasu optometry,900.0,0.9999299990108159,True
fuji film medical systems u s,893.0,0.999931755045984,True
dc electronics,888.6,0.9999335024287951,True
excellent packaging supply,884.4,0.9999352415525381,True
priax,876.0,0.9999369641581453,True
focus packaging supply,840.0,0.999938615971741,True
hollister,811.6,0.999940211938306,True
sierra auction trailer sales,799.98,0.9999417850547827,True
am copiers,790.0,0.9999433385461407,True
heritage food service group,742.0,0.9999447976481504,True
burlodge usa,735.36,0.9999462436929669,True
armstrong medical industries,715.0,0.9999476497009682,True
varidesk,700.0,0.9999490262122981,True
sutter amador hospital,700.0,0.999950402723628,True
skymall,700.0,0.9999517792349579,True
uptown uniforms,696.0,0.9999531478805087,True
american correctional association,692.0,0.9999545086602806,True
fire etc,685.0,0.9999558556749392,True
big red construction,650.0,0.9999571338640312,True
bag masters,641.25,0.9999583948467317,True
credit management control,639.0,0.9999596514049314,True
labor law center,623.5,0.9999608774832374,True
school outfitters,585.5,0.9999620288366425,True
westcon medical industries,584.0,0.9999631772403806,True
de novo ink,581.28,0.999964320295389,True
containment technologies group,567.7,0.9999654366460775,True
delano building materials,559.6,0.9999665370685635,True
pepsi beverages,548.23,0.9999676151325727,True
national commission on correctional health care,534.0,0.9999686652140729,True
csdvrs,511.0,0.9999696700673437,True
grandpa s compounding pharmacy,509.0,0.9999706709877251,True
dwaynes friendly pharmacy,500.0,0.9999716542101036,True
rite aid drug store,500.0,0.9999726374324821,True
apollo printing graphics,497.0,0.9999736147555263,True
rockhurst university continuing education,479.95,0.9999745585506874,True
douglas o fleming od,460.0,0.9999754631152756,True
market lab,450.0,0.9999763480154162,True
bakersfield winnelson,432.24,0.9999771979914981,True
par,415.8,0.9999780156392281,True
university wisconsin madison,413.0,0.9999788277809127,True
leiters cambrain park drug,406.92,0.9999796279666132,True
mts medication technologies,406.32,0.9999804269724469,True
industrial minerals,403.15999999999997,0.9999812197643152,True
welch allyn,403.0,0.9999820122415523,True
cmp industries,391.03,0.9999827811804455,True
bard access systems,391.0,0.9999835500603454,True
journal psychosocial nursing mental health svs,379.0,0.9999842953429084,True
harry dassah m d,370.0,0.9999850229274685,True
dockmasters,360.0,0.999985730847581,True
soledad pharmacy,350.0,0.9999864191032459,True
aseptico,342.0,0.9999870916273529,True
ace karaoke,299.0,0.9999876795943352,True
jones bartlett learning,292.01,0.9999882538158686,True
charm tex,261.12,0.9999887672939236,True
american medical service,259.95,0.9999892784712382,True
airgas northern ca nv,251.6,0.999989773228739,True
prestige golf cars,250.0,0.9999902648399284,True
very last word,245.09,0.9999907467958737,True
thomson west barclays,245.0,0.9999912285748392,True
isaac hearne md pc,223.89,0.9999916688421558,True
medifix,220.0,0.9999921014600024,True
burns pharmacy,212.25,0.9999925188379021,True
american proficiency institute,210.0,0.9999929317913011,True
nspire health,201.73,0.9999933284822019,True
istockphoto com,199.0,0.9999937198047085,True
la verne lawnmower center,175.72,0.9999940653483813,True
carl zeiss meditec,170.0,0.9999943996439901,True
mckenry drapery service,170.0,0.9999947339395987,True
harcourt assessment,169.2,0.9999950666620515,True
health edco division wrs group,164.3,0.9999953897489252,True
professional hospital supply,156.51,0.9999956975171941,True
id label,152.5,0.9999959974000195,True
american association bioanalysts,150.0,0.999996292366733,True
national employment law institute,149.0,0.9999965853670019,True
cook s direct,147.96,0.999996876322168,True
images,147.96,0.9999971672773342,True
northern ca partners i,145.0,0.999997452411824,True
mf athletic,135.6,0.9999977190617331,True
economy office supply,131.25,0.9999979771576075,True
medspec,129.9,0.9999982325987814,True
precision dynamics,125.88,0.9999984801348474,True
ashan,118.5,0.999998713158551,True
kern security systems,114.0,0.9999989373332534,True
hubert,103.27999999999999,0.9999991404276678,True
barnes noble booksellers store 2105,101.8,0.9999993406117441,True
warnack pharmacy,100.0,0.9999995372562198,True
acroprint time recorder,98.5,0.9999997309510283,True
techsmith,85.9,0.9999998998686329,True
practicon,47.92,0.9999999941006658,True
first choice mobile radiology,2.0,0.9999999980335552,True
yasser w barsoum m d,1.0,1.0,True
