category,spend,suppliers,lines,avg_per_supplier,suppliers_per_$1m
Meat And Poultry Products,25817950.89,50,1020,516359.01780000003,1.9366370403689306
Dairy Products And Eggs,24924393.04,32,718,778887.2825,1.2838828190778684
Bread And Bakery Products,23974951.01,34,890,705145.6179411765,1.4181467977064282
Computer Equipment And Accessories,22796404.73,75,696,303952.06306666665,3.289992474177309
Prepared And Preserved Foods,21048377.79,47,1168,447837.8253191489,2.232951178894628
Communications Devices And Accessories,19995860.23,38,135,526206.8481578948,1.9003933595709075
Motor Vehicles,18139655.22,29,266,625505.3524137931,1.5987073430164127
Computer Services,17467768.13,98,479,178242.5319387755,5.610333230362155
Fuels,15420867.97,9,5906,1713429.7744444446,0.5836247361373395
Clothing,14984129.95,38,407,394319.2092105263,2.5360164471878464
Software,14649612.370000001,79,270,185438.1312658228,5.392634153363608
Consumer Electronics,10476279.01,49,151,213801.61244897958,4.677233200187555
Paper Products,9458924.34,89,867,106280.04876404494,9.409103699417052
Fresh Fruits,9402192.77,27,553,348229.36185185186,2.8716705411688768
Printed Media,9325795.23,65,286,143473.77276923077,6.969914993512033
Fresh Vegetables,8127827.87,35,496,232223.65342857144,4.306193556237307
Data Voice Or Multimedia Network Equipment Or Platforms And Accessories,7991288.76,47,159,170027.42042553192,5.881404290538989
Accommodation Furniture,5404059.6,47,487,114979.9914893617,8.697165368050346
Beverages,5391506.95,24,353,224646.12291666667,4.451445620412304
Public Administration And Finance Services,5365638.14,44,95,121946.32136363635,8.200329364737966
Light Weapons And Ammunition,5080103.97,20,214,254005.1985,3.936927298753691
Professional Engineering Services,5031184.41,8,22,628898.05125,1.5900828409507655
Containers And Storage,5018023.82,63,328,79651.17174603174,12.554743113993426
Heating And Ventilation And Air Circulation,4973534.18,73,212,68130.60520547944,14.677691427869107
Cleaning And Janitorial Supplies,4715443.31,54,295,87323.02425925925,11.45173347445036
Gaseous Fuels And Additives,4662691.21,13,90,358668.5546153846,2.7880894132811336
Medical Apparel And Textiles,4388843.07,38,545,115495.8702631579,8.658318238751699
Personal Safety And Protection,4178814.9,99,621,42210.25151515151,23.690927300943624
Measuring And Observing And Testing Instruments,4005357.94,124,560,32301.273709677418,30.958531511418432
Electrical Equipment And Components And Supplies,3998870.08,104,525,38450.67384615385,26.007346555254927
Concrete And Cement And Plaster,3963299.02,38,83,104297.34263157895,9.587971992080476
Law Enforcement,3853831.1,16,511,240864.44375,4.151712824155682
Marine Transport,3820966.21,12,28,318413.85083333333,3.1405668986536264
Laboratory And Scientific Equipment,3750021.55,55,176,68182.20999999999,14.666582382706576
Office Machines And Their Supplies And Accessories,3615067.16,92,1044,39294.208260869564,25.449043109893427
Bedclothes And Table And Kitchen Linen And Towels,3611389.88,26,251,138899.61076923076,7.199444220627877
Institutional Food Services Equipment,3468902.2,58,306,59808.65862068966,16.71998708986376
Doors And Windows And Glass,3449509.21,38,115,90776.55815789473,11.016059875949715
Welding And Soldering And Brazing Machinery And Accessories And Supplies,3289585.53,28,63,117485.1975,8.511710592306747
Public Order And Safety,3274835.71,6,10,545805.9516666667,1.8321529784466652
Structural Components And Basic Shapes,3198084.83,42,114,76144.87690476191,13.132859893525714
Plumbing Fixtures,3196471.13,48,143,66593.14854166667,15.016559839850641
Frozen Vegetables,3161750.76,6,167,526958.46,1.8976827888862435
Patient Care And Treatment Products And Supplies,2994921.89,53,708,56507.960188679244,17.696621797371815
Footwear,2980415.5,29,138,102772.94827586207,9.730186948766036
Fluid And Gas Distribution,2964866.56,72,291,41178.70222222222,24.284398148427968
Components For Information Technology Or Broadcasting Or Telecommunications,2740076.8,58,205,47242.70344827586,21.167289909538304
Seasonings And Preservatives,2723294.22,24,406,113470.59250000001,8.812856071056473
Hand Tools,2526617.59,92,453,27463.23467391304,36.4123167526907
Material Handling Machinery And Equipment,2346233.36,81,235,28965.843950617284,34.523420125609334
Humanitarian Aid And Relief,2220761.48,13,46,170827.80615384615,5.853847933277373
Cereal And Pulse Products,2013964.65,14,297,143854.61785714285,6.951462628701056
Interior Finishing Materials,1995967.56,46,138,43390.599130434784,23.04646674718501
Developmental And Professional Teaching Aids And Materials And Accessories And Supplies,1975766.37,99,204,19957.23606060606,50.10713893262592
Janitorial Equipment,1920447.48,42,140,45724.94,21.86990294574471
Industrial Process Machinery And Equipment And Supplies,1899833.17,54,90,35182.09574074074,28.423548368723345
Exterior Finishing Materials,1878642.3800000001,19,38,98875.91473684211,10.113686459048155
Personal Care Products,1872648.74,53,208,35332.995094339625,28.302157723396647
Transportation Components And Systems,1829835.39,86,320,21277.155697674418,46.99876309638978
Hardware,1824954.24,101,325,18068.85386138614,55.34385344368963
Dental Equipment And Supplies,1792960.06,30,305,59765.335333333336,16.732107239466337
Immunomodulating Drugs,1699550.76,2,4,849775.38,1.1767815631467224
Pipe Piping And Pipe Fittings,1688177.05,43,152,39259.93139534884,25.47126203380149
Chocolate And Sugars And Sweeteners And Confectionary Products,1632291.29,13,101,125560.86846153847,7.964264760611448
Heavy Construction Machinery And Equipment,1617513.62,23,49,70326.67913043479,14.21935476500037
Batteries And Generators And Kinetic Power Transmission,1612400.54,87,299,18533.339540229885,53.95681646199399
Information Technology Service Delivery,1578805.22,2,4,789402.61,1.266780711556046
Vehicle Bodies And Trailers,1549836.16,14,61,110702.58285714286,9.033212904259507
Domestic Kitchenware And Kitchen Supplies,1541740.02,40,182,38543.5005,25.944711482549437
Seafood,1500980.73,6,115,250163.455,3.9973864288051186
Industrial Refrigeration,1491594.0,31,67,48115.93548387097,20.78313535720846
Plastic And Chemical Industries,1469810.25,27,86,54437.416666666664,18.369718131983362
Industrial Pumps And Compressors,1414904.88,56,122,25266.15857142857,39.57863231060451
Seeds And Bulbs And Seedlings And Cuttings,1403908.65,25,138,56156.346,17.80742643048748
Clinical Nutrition,1375372.44,14,166,98240.88857142857,10.179061025826575
Specialized Trade Construction And Maintenance Services,1318690.82,35,148,37676.88057142857,26.541475430912605
Paints And Primers And Finishes,1309727.34,46,130,28472.333478260873,35.121813979999835
Electrical Wire Management Devices And Accessories And Supplies,1245455.24,24,86,51893.96833333333,19.270062246476236
Additives,1234945.01,54,111,22869.35203703704,43.72664334260519
Elements And Gases,1192866.53,24,108,49702.77208333334,20.119602148615904
Prefabricated Buildings And Structures,1158839.05,26,144,44570.73269230769,22.436247725687185
Structural Building Products,1150530.92,19,46,60554.25894736842,16.51411506611226
Security Surveillance And Detection,1144769.59,51,126,22446.46254901961,44.550449667343095
Power Sources,1137673.19,59,157,19282.596440677964,51.860235890765786
Water And Wastewater Treatment Supply And Disposal,1111043.03,31,66,35840.09774193548,27.901709621453634
Metal Cutting Machinery And Accessories,1103355.62,27,52,40865.02296296297,24.47080479818465
Minerals And Ores And Metals,1076968.22,18,57,59831.567777777775,16.713585104674678
Oil And Gas Drilling And Exploration Equipment,1054049.01,67,168,15732.074776119403,63.564406744236685
Lighting Fixtures And Accessories,1023168.34,53,116,19305.063018867924,51.79988270551843
Medical Facility Products,991620.05,46,221,21556.957608695655,46.3887352822283
Office Supplies,983528.16,66,524,14901.941818181818,67.105348564702
Orthopedic And Prosthetic And Sports Medicine Products,974609.44,20,201,48730.471999999994,20.521040715550633
Animal Feed,951127.8,12,43,79260.65000000001,12.616601049827372
Dried Vegetables,894534.33,11,104,81321.30272727272,12.296900891439238
Canned Or Jarred Vegetables,882172.45,16,125,55135.778125,18.13704338647166
Wound Care Products,877562.27,24,286,36565.09458333333,27.348486620784186
Packaging Materials,874478.0,31,82,28208.967741935485,35.44971971850636
Industrial Filtering And Purification,847747.62,48,111,17661.40875,56.620624897773226
Atomic And Nuclear Energy Machinery And Equipment,840254.26,8,8,105031.7825,9.520927629691517
Fertilizers And Plant Nutrients And Herbicides,831310.96,13,62,63946.99692307692,15.63795092993842
Medical Training And Education Supplies,820987.4700000001,12,29,68415.62250000001,14.616544634962576
Human Resources Services,774687.3300000001,3,5,258229.11000000002,3.8725300954644495
Fire Protection,731805.43,23,48,31817.62739130435,31.429119076091027
Toys And Games,711394.86,15,46,47426.324,21.085336489498957
Restaurants And Catering,686591.6599999999,6,43,114431.94333333331,8.73881864513181
Vocational Training,686186.83,6,14,114364.47166666666,8.743974290500447
Mail And Cargo Transport,683307.09,5,55,136661.418,7.317354192827122
Patient Exam And Monitoring Products,674532.2,36,221,18737.005555555555,53.370320942424996
Respiratory And Anesthesia And Resuscitation Products,654512.7,26,177,25173.565384615384,39.724210087902044
Canned Or Jarred Fruit,605098.71,12,77,50424.892499999994,19.831475099327186
Lubricants And Oils And Greases And Anti Corrosives,571574.03,38,85,15041.421842105265,66.48307656665226
Edible Oils And Fats,542377.73,10,73,54237.773,18.437335175985194
Discrete Semiconductor Devices,539449.38,4,13,134862.345,7.414968203318725
Signage And Accessories,532887.85,39,127,13663.791025641025,73.18613100298684
Structural Materials,530536.64,14,16,37895.474285714285,26.388375362727068
Electrical Wire And Cable And Harness,522739.38,45,125,11616.430666666667,86.08496264429131
Compounds And Mixtures,502297.61,13,17,38638.27769230769,25.881070785903205
Non Edible Plant And Forestry Products,493808.88,30,48,16460.296,60.75224892675077
Commercial And Industrial Furniture,493535.38,27,92,18279.08814814815,54.70732412334856
Mining And Quarrying Machinery And Equipment,479887.07,23,38,20864.655217391304,47.927942713688864
Food And Beverage Industries,469589.27,16,49,29349.329375,34.07232878212911
Laboratory Supplies And Fixtures,456588.14,25,123,18263.5256,54.75394082728474
Audio And Visual Presentation And Composing Equipment,427915.52,27,48,15848.722962962964,63.0965663502927
Medical Sterilization Products,427163.1,25,64,17086.523999999998,58.52565448654156
Agricultural And Forestry And Landscape Machinery And Equipment,425922.93,21,29,20282.044285714284,49.304694631021626
Arts And Crafts Equipment And Accessories And Supplies,425625.34,51,107,8345.594901960785,119.82369282806329
Crop Production And Management And Protection,419840.89,9,26,46648.98777777778,21.436692362194638
Machinery And Transport Equipment Manufacture,419747.15,16,24,26234.196875,38.11818615087678
Roads And Landscape,415020.83999999997,14,24,29644.34571428571,33.73324578110343
Domestic Appliances,407239.49,22,43,18510.88590909091,54.02226586621057
Oil And Gas Drilling And Operation Materials,407060.18,3,12,135686.72666666665,7.369917637239781
Independent Living Aids For The Physically Challenged,406767.44,31,159,13121.530322580646,76.2106229544823
Industrial Food And Beverage Equipment,404044.64,22,36,18365.665454545455,54.44942915218477
Photographic Or Filming Or Video Equipment,402424.75,26,48,15477.875,64.60835224473644
Fabrics And Leather Materials,382190.54,20,74,19109.527,52.32991899799509
Gaskets,374172.83,16,38,23385.801875,42.76098828447806
Fabricated Structural Assemblies,370000.0,1,1,370000.0,2.7027027027027026
Lamps And Lightbulbs And Lamp Components,369554.02999999997,27,106,13687.186296296295,73.06103521587899
Resins And Rosins And Other Resin Derived Materials,368231.43,25,44,14729.2572,67.89208623500716
Central Nervous System Drugs,360667.67,15,53,24044.511333333332,41.589533101206435
Emergency And Field Medical Services Products,356381.21,23,100,15494.835217391304,64.53763373214879
Nuts And Seeds,353489.07999999996,2,6,176744.53999999998,5.6578834061861265
Manufacture Of Electrical Goods And Precision Instruments,348828.01,8,35,43603.50125,22.933938131860454
Chicken Processing Machinery And Equipment,337430.80000000005,3,5,112476.93333333335,8.8907118140964
Animal Containment And Habitats,333700.98,5,10,66740.196,14.983474127046316
Packing Supplies,332496.32,21,35,15833.158095238095,63.15859375526321
Adhesives And Sealants,327750.7,47,107,6973.41914893617,143.4016769453124
Conventional War Weapons,326964.83,4,15,81741.2075,12.233731683007006
Automation Control Devices And Components And Accessories,326682.58,18,28,18149.032222222224,55.099356690522036
Oil And Gas Data Management And Processing Services,319742.93,5,8,63948.585999999996,15.637562337969444
Reproduction Services,289485.05,14,66,20677.50357142857,48.361737505961024
Classroom And Instructional And Institutional Furniture And Fixtures,277703.99,13,22,21361.845384615382,46.81243506800172
Building And Facility Maintenance And Repair Services,273933.87,13,24,21071.836153846154,47.45670916853035
Explosive Materials,268160.41,5,25,53632.081999999995,18.645556217638543
Transportation Services Equipment,266909.0,17,33,15700.529411764706,63.69211978614434
Sawmilling And Lumber Processing Machinery And Equipment,261349.26,9,22,29038.806666666667,34.43667680558958
Printed Circuits And Integrated Circuits And Microassemblies,250999.82,23,68,10913.035652173914,91.63353184874795
