category,spend,suppliers,lines,avg_per_supplier,suppliers_per_$1m,top_supplier_share,spend_score,risk_score,quadrant,strategy
Meat And Poultry Products,25817950.89,50,1020,516359.01780000003,1.9366370403689306,0.2521160578441242,1.0,0.09659697682405038,Leverage,"Negotiate - tender, consolidate volume"
Dairy Products And Eggs,24924393.04,32,718,778887.2825,1.2838828190778684,0.3374813599874126,0.9653900553995515,0.1557061937860099,Strategic,"Partner - dual-source, joint planning"
Bread And Bakery Products,23974951.01,34,890,705145.6179411765,1.4181467977064282,0.2929163778925277,0.9286155633399301,0.12894918439440436,Leverage,"Negotiate - tender, consolidate volume"
Computer Equipment And Accessories,22796404.73,75,696,303952.06306666665,3.289992474177309,0.7318260755409915,0.8829672357471898,0.3577293409473694,Strategic,"Partner - dual-source, joint planning"
Prepared And Preserved Foods,21048377.79,47,1168,447837.8253191489,2.232951178894628,0.2592338437878257,0.8152613613558546,0.10186963952582846,Leverage,"Negotiate - tender, consolidate volume"
Communications Devices And Accessories,19995860.23,38,135,526206.8481578948,1.9003933595709075,0.9636595629474453,0.7744944715091601,0.500398927291323,Strategic,"Partner - dual-source, joint planning"
Motor Vehicles,18139655.22,29,266,625505.3524137931,1.5987073430164127,0.18183395053525173,0.7025985639714725,0.07206602548610834,Leverage,"Negotiate - tender, consolidate volume"
Computer Services,17467768.13,98,479,178242.5319387755,5.610333230362155,0.2527591428476329,0.6765745354626785,0.08699961958934578,Leverage,"Negotiate - tender, consolidate volume"
Fuels,15420867.97,9,5906,1713429.7744444446,0.5836247361373395,0.7206258247991472,0.5972924821068168,0.45085491992061943,Strategic,"Partner - dual-source, joint planning"
Clothing,14984129.95,38,407,394319.2092105263,2.5360164471878464,0.3791584175362815,0.5803764215774291,0.17396688635310406,Strategic,"Partner - dual-source, joint planning"
Software,14649612.370000001,79,270,185438.1312658228,5.392634153363608,0.2190727869750454,0.5674196388557775,0.07068085082641495,Leverage,"Negotiate - tender, consolidate volume"
Consumer Electronics,10476279.01,49,151,213801.61244897958,4.677233200187555,0.7016043017739368,0.405774999520111,0.34804190367811644,Strategic,"Partner - dual-source, joint planning"
Paper Products,9458924.34,89,867,106280.04876404494,9.409103699417052,0.27088285918142785,0.3663700647778248,0.09817013714418431,Leverage,"Negotiate - tender, consolidate volume"
Fresh Fruits,9402192.77,27,553,348229.36185185186,2.8716705411688768,0.22581924258930078,0.3641726955814191,0.09922707127374235,Leverage,"Negotiate - tender, consolidate volume"
Printed Media,9325795.23,65,286,143473.77276923077,6.969914993512033,0.3693058731249882,0.36121360946627784,0.15735406638452998,Strategic,"Partner - dual-source, joint planning"
Fresh Vegetables,8127827.87,35,496,232223.65342857144,4.306193556237307,0.3416987458913792,0.3148130502156982,0.1553390358901486,Strategic,"Partner - dual-source, joint planning"
Data Voice Or Multimedia Network Equipment Or Platforms And Accessories,7991288.76,47,159,170027.42042553192,5.881404290538989,0.7286127100230076,0.30952451625799804,0.3640082212571539,Strategic,"Partner - dual-source, joint planning"
Accommodation Furniture,5404059.6,47,487,114979.9914893617,8.697165368050346,0.5197035928323219,0.20931403979442612,0.24733671422839348,Strategic,"Partner - dual-source, joint planning"
Beverages,5391506.95,24,353,224646.12291666667,4.451445620412304,0.30217574327711844,0.20882784125553042,0.1465761542271474,Leverage,"Negotiate - tender, consolidate volume"
Public Administration And Finance Services,5365638.14,44,95,121946.32136363635,8.200329364737966,0.17277024574005284,0.20782587134280506,0.05505593134116818,Leverage,"Negotiate - tender, consolidate volume"
Light Weapons And Ammunition,5080103.97,20,214,254005.1985,3.936927298753691,0.2978876985464532,0.1967663503445451,0.15265131350857575,Strategic,"Partner - dual-source, joint planning"
Professional Engineering Services,5031184.41,8,22,628898.05125,1.5900828409507655,0.9341736690585746,0.1948715617066541,0.5842336375461379,Strategic,"Partner - dual-source, joint planning"
Containers And Storage,5018023.82,63,328,79651.17174603174,12.554743113993426,0.293951773230124,0.19436181598531194,0.11576673619425881,Leverage,"Negotiate - tender, consolidate volume"
Heating And Ventilation And Air Circulation,4973534.18,73,212,68130.60520547944,14.677691427869107,0.33379563503874415,0.19263861029057833,0.13580869391616945,Leverage,"Negotiate - tender, consolidate volume"
Cleaning And Janitorial Supplies,4715443.31,54,295,87323.02425925925,11.45173347445036,0.47413209172903825,0.18264204351811747,0.21908266306826946,Strategic,"Partner - dual-source, joint planning"
Gaseous Fuels And Additives,4662691.21,13,90,358668.5546153846,2.7880894132811336,0.6534359885264629,0.18059881010177256,0.37858226471361645,Strategic,"Partner - dual-source, joint planning"
Medical Apparel And Textiles,4388843.07,38,545,115495.8702631579,8.658318238751699,0.27731729765402624,0.16999192107456984,0.11709068538139687,Leverage,"Negotiate - tender, consolidate volume"
Personal Safety And Protection,4178814.9,99,621,42210.25151515151,23.690927300943624,0.117328563655691,0.16185695440371178,0.011259625276620446,Leverage,"Negotiate - tender, consolidate volume"
Measuring And Observing And Testing Instruments,4005357.94,124,560,32301.273709677418,30.958531511418432,0.10087363128399955,0.15513849093079593,0.0,Leverage,"Negotiate - tender, consolidate volume"
Electrical Equipment And Components And Supplies,3998870.08,104,525,38450.67384615385,26.007346555254927,0.23306197784750238,0.15488719833102138,0.07540080444301261,Leverage,"Negotiate - tender, consolidate volume"
Concrete And Cement And Plaster,3963299.02,38,83,104297.34263157895,9.587971992080476,0.43537932446994626,0.15350943368379766,0.20536512318777106,Strategic,"Partner - dual-source, joint planning"
Law Enforcement,3853831.1,16,511,240864.44375,4.151712824155682,0.8486892432831319,0.1492694411117148,0.47296772862190883,Strategic,"Partner - dual-source, joint planning"
Marine Transport,3820966.21,12,28,318413.85083333333,3.1405668986536264,0.9012002935247104,0.1479964938456818,0.5234689490437139,Strategic,"Partner - dual-source, joint planning"
Laboratory And Scientific Equipment,3750021.55,55,176,68182.20999999999,14.666582382706576,0.5368910399994902,0.1452486127182342,0.2537900434393122,Strategic,"Partner - dual-source, joint planning"
Office Machines And Their Supplies And Accessories,3615067.16,92,1044,39294.208260869564,25.449043109893427,0.2854587243684845,0.14002145930954632,0.10593806614620306,Leverage,"Negotiate - tender, consolidate volume"
Bedclothes And Table And Kitchen Linen And Towels,3611389.88,26,251,138899.61076923076,7.199444220627877,0.6921853699163604,0.13987902817643014,0.3611309533018492,Strategic,"Partner - dual-source, joint planning"
Institutional Food Services Equipment,3468902.2,58,306,59808.65862068966,16.71998708986376,0.11493758169371279,0.13436008979874545,0.01718173474740943,Leverage,"Negotiate - tender, consolidate volume"
Doors And Windows And Glass,3449509.21,38,115,90776.55815789473,11.016059875949715,0.544290432551128,0.13360894614359536,0.2661897692485999,Strategic,"Partner - dual-source, joint planning"
Welding And Soldering And Brazing Machinery And Accessories And Supplies,3289585.53,28,63,117485.1975,8.511710592306747,0.6320328141764413,0.1274146636971932,0.32474468063784495,Strategic,"Partner - dual-source, joint planning"
Public Order And Safety,3274835.71,6,10,545805.9516666667,1.8321529784466652,0.8307806073117481,0.12684336274217772,0.568840435193282,Strategic,"Partner - dual-source, joint planning"
Structural Components And Basic Shapes,3198084.83,42,114,76144.87690476191,13.132859893525714,0.22962941855422894,0.1238705908003995,0.08791061963246513,Leverage,"Negotiate - tender, consolidate volume"
Plumbing Fixtures,3196471.13,48,143,66593.14854166667,15.016559839850641,0.5267554191862824,0.12380808777655862,0.2508244872879323,Strategic,"Partner - dual-source, joint planning"
Frozen Vegetables,3161750.76,6,167,526958.46,1.8976827888862435,0.9377909218878467,0.12246327268461234,0.6286035266136492,Strategic,"Partner - dual-source, joint planning"
Patient Care And Treatment Products And Supplies,2994921.89,53,708,56507.960188679244,17.696621797371815,0.43301695257234235,0.11600153330371449,0.1964758252953796,Strategic,"Partner - dual-source, joint planning"
Footwear,2980415.5,29,138,102772.94827586207,9.730186948766036,0.28367408839472213,0.11543966105979374,0.12894167801799736,Leverage,"Negotiate - tender, consolidate volume"
Fluid And Gas Distribution,2964866.56,72,291,41178.70222222222,24.284398148427968,0.30942790558506617,0.11483740799694425,0.12239318873661773,Routine,"Simplify - catalogue buying, e-procurement"
Components For Information Technology Or Broadcasting Or Telecommunications,2740076.8,58,205,47242.70344827586,21.167289909538304,0.31877287892076606,0.1061306844867114,0.13101961618093413,Routine,"Simplify - catalogue buying, e-procurement"
Seasonings And Preservatives,2723294.22,24,406,113470.59250000001,8.812856071056473,0.35649180792518265,0.10548064916549232,0.17691057525950896,Bottleneck,"Secure - buffer stock, qualify alternates"
Hand Tools,2526617.59,92,453,27463.23467391304,36.4123167526907,0.15402095336477098,0.0978628242328336,0.03253273549465945,Routine,"Simplify - catalogue buying, e-procurement"
Material Handling Machinery And Equipment,2346233.36,81,235,28965.843950617284,34.523420125609334,0.2400005172546008,0.09087604860650503,0.08205089136243607,Routine,"Simplify - catalogue buying, e-procurement"
Humanitarian Aid And Relief,2220761.48,13,46,170827.80615384615,5.853847933277373,0.3119002766564557,0.08601617879985052,0.1878414931098444,Bottleneck,"Secure - buffer stock, qualify alternates"
Cereal And Pulse Products,2013964.65,14,297,143854.61785714285,6.951462628701056,0.2687688435842208,0.07800637078367298,0.15816888273847765,Bottleneck,"Secure - buffer stock, qualify alternates"
Interior Finishing Materials,1995967.56,46,138,43390.599130434784,23.04646674718501,0.15682083530455776,0.07730929416141592,0.045144167588602555,Routine,"Simplify - catalogue buying, e-procurement"
Developmental And Professional Teaching Aids And Materials And Accessories And Supplies,1975766.37,99,204,19957.23606060606,50.10713893262592,0.4028236293950079,0.07652684670514531,0.1707028320500116,Bottleneck,"Secure - buffer stock, qualify alternates"
Janitorial Equipment,1920447.48,42,140,45724.94,21.86990294574471,0.4084037226573882,0.07438419447702342,0.18775244443274455,Bottleneck,"Secure - buffer stock, qualify alternates"
Industrial Process Machinery And Equipment And Supplies,1899833.17,54,90,35182.09574074074,28.423548368723345,0.19537529182101815,0.07358574575087047,0.06340264116622218,Routine,"Simplify - catalogue buying, e-procurement"
Exterior Finishing Materials,1878642.3800000001,19,38,98875.91473684211,10.113686459048155,0.3741615793847896,0.07276496837429688,0.1979234493435317,Bottleneck,"Secure - buffer stock, qualify alternates"
Personal Care Products,1872648.74,53,208,35332.995094339625,28.302157723396647,0.2970328541165707,0.07253281826968414,0.120531462923197,Routine,"Simplify - catalogue buying, e-procurement"
Transportation Components And Systems,1829835.39,86,320,21277.155697674418,46.99876309638978,0.15516914884895738,0.07087453988103856,0.03394475298672361,Routine,"Simplify - catalogue buying, e-procurement"
Hardware,1824954.24,101,325,18068.85386138614,55.34385344368963,0.14340005040345558,0.07068547956324663,0.025616723096460875,Routine,"Simplify - catalogue buying, e-procurement"
Dental Equipment And Supplies,1792960.06,30,305,59765.335333333336,16.732107239466337,0.23744889219673979,0.069446257281962,0.10195757467767165,Routine,"Simplify - catalogue buying, e-procurement"
Immunomodulating Drugs,1699550.76,2,4,849775.38,1.1767815631467224,0.9961612738180293,0.06582825907606334,0.9999999984251269,Bottleneck,"Secure - buffer stock, qualify alternates"
Pipe Piping And Pipe Fittings,1688177.05,43,152,39259.93139534884,25.47126203380149,0.34266569374343764,0.06538772411461505,0.15047630083373986,Bottleneck,"Secure - buffer stock, qualify alternates"
Chocolate And Sugars And Sweeteners And Confectionary Products,1632291.29,13,101,125560.86846153847,7.964264760611448,0.428239269720051,0.06322311545771168,0.2528144623582317,Bottleneck,"Secure - buffer stock, qualify alternates"
Heavy Construction Machinery And Equipment,1617513.62,23,49,70326.67913043479,14.21935476500037,0.7395822670105245,0.0626507357958647,0.39270012326657333,Bottleneck,"Secure - buffer stock, qualify alternates"
Batteries And Generators And Kinetic Power Transmission,1612400.54,87,299,18533.339540229885,53.95681646199399,0.25222438216251153,0.06245269219349731,0.08801228817361681,Routine,"Simplify - catalogue buying, e-procurement"
Information Technology Service Delivery,1578805.22,2,4,789402.61,1.266780711556046,0.9947410865540462,0.061151453371596366,0.9992068526276616,Bottleneck,"Secure - buffer stock, qualify alternates"
Vehicle Bodies And Trailers,1549836.16,14,61,110702.58285714286,9.033212904259507,0.4950929780861481,0.060029402279182964,0.2845663239052867,Bottleneck,"Secure - buffer stock, qualify alternates"
Domestic Kitchenware And Kitchen Supplies,1541740.02,40,182,38543.5005,25.944711482549437,0.23405599862420384,0.05971581658702272,0.09159276705882088,Routine,"Simplify - catalogue buying, e-procurement"
Seafood,1500980.73,6,115,250163.455,3.9973864288051186,0.9239536539553043,0.058137097571959936,0.6208756929768966,Bottleneck,"Secure - buffer stock, qualify alternates"
Industrial Refrigeration,1491594.0,31,67,48115.93548387097,20.78313535720846,0.5079465323673867,0.05777352379184109,0.2519321271201438,Bottleneck,"Secure - buffer stock, qualify alternates"
Plastic And Chemical Industries,1469810.25,27,86,54437.416666666664,18.369718131983362,0.31821570845624464,0.05692977944927836,0.15082862443615447,Bottleneck,"Secure - buffer stock, qualify alternates"
Industrial Pumps And Compressors,1414904.88,56,122,25266.15857142857,39.57863231060451,0.17538493471024005,0.05480314398413513,0.05156621407242665,Routine,"Simplify - catalogue buying, e-procurement"
Seeds And Bulbs And Seedlings And Cuttings,1403908.65,25,138,56156.346,17.80742643048748,0.17640945513085915,0.05437722985768682,0.07464424271386055,Routine,"Simplify - catalogue buying, e-procurement"
Clinical Nutrition,1375372.44,14,166,98240.88857142857,10.179061025826575,0.6981775714511191,0.05327194423213189,0.3979849524498076,Bottleneck,"Secure - buffer stock, qualify alternates"
Specialized Trade Construction And Maintenance Services,1318690.82,35,148,37676.88057142857,26.541475430912605,0.28967312444019283,0.051076509736129566,0.12628378095229303,Routine,"Simplify - catalogue buying, e-procurement"
Paints And Primers And Finishes,1309727.34,46,130,28472.333478260873,35.121813979999835,0.28340284932892984,0.05072932958855745,0.11583765640115126,Routine,"Simplify - catalogue buying, e-procurement"
Electrical Wire Management Devices And Accessories And Supplies,1245455.24,24,86,51893.96833333333,19.270062246476236,0.23821416496669925,0.04823989499811152,0.11085490934436354,Routine,"Simplify - catalogue buying, e-procurement"
Additives,1234945.01,54,111,22869.35203703704,43.72664334260519,0.2341211775899236,0.04783280498369559,0.08504143292702498,Routine,"Simplify - catalogue buying, e-procurement"
Elements And Gases,1192866.53,24,108,49702.77208333334,20.119602148615904,0.46107421590578107,0.04620299012428713,0.23531773006384268,Bottleneck,"Secure - buffer stock, qualify alternates"
Prefabricated Buildings And Structures,1158839.05,26,144,44570.73269230769,22.436247725687185,0.2866241865080401,0.04488501256111887,0.13463325374273255,Routine,"Simplify - catalogue buying, e-procurement"
Structural Building Products,1150530.92,19,46,60554.25894736842,16.51411506611226,0.4341284978242914,0.044563215915234856,0.23141375766655867,Bottleneck,"Secure - buffer stock, qualify alternates"
Security Surveillance And Detection,1144769.59,51,126,22446.46254901961,44.550449667343095,0.20444358589224926,0.044340063813639086,0.0695742819732877,Routine,"Simplify - catalogue buying, e-procurement"
Power Sources,1137673.19,59,157,19282.596440677964,51.860235890765786,0.22412763370120378,0.0440652007917736,0.07786514796632026,Routine,"Simplify - catalogue buying, e-procurement"
Water And Wastewater Treatment Supply And Disposal,1111043.03,31,66,35840.09774193548,27.901709621453634,0.23447606705205642,0.043033741706834584,0.09920441592564894,Routine,"Simplify - catalogue buying, e-procurement"
Metal Cutting Machinery And Accessories,1103355.62,27,52,40865.02296296297,24.47080479818465,0.4557819354742581,0.042735987247824535,0.22765657353807045,Bottleneck,"Secure - buffer stock, qualify alternates"
Minerals And Ores And Metals,1076968.22,18,57,59831.567777777775,16.713585104674678,0.3640868808552215,0.04171393092304391,0.19526884508993825,Bottleneck,"Secure - buffer stock, qualify alternates"
Oil And Gas Drilling And Exploration Equipment,1054049.01,67,168,15732.074776119403,63.564406744236685,0.17793033172148232,0.040826207102604026,0.05000793518844144,Routine,"Simplify - catalogue buying, e-procurement"
Lighting Fixtures And Accessories,1023168.34,53,116,19305.063018867924,51.79988270551843,0.15761658536072373,0.03963011411553583,0.04267030301400868,Routine,"Simplify - catalogue buying, e-procurement"
